ID	Description	GeneRatio	BgRatio	RichFactor	FoldEnrichment	zScore	pvalue	p.adjust	qvalue	geneID	Count
GO:0001666	response to hypoxia	141/1498	263/15408	0.5361216730038023	5.514394350896252	24.232270717150186	1.7763403420727814e-73	7.020985202042668e-71	6.203167457712055e-71	NA/SAP2/NA/MAP3K13/(AT)SRC2/AtRAV1/PER4/NA/NA/atnudt4/HUP35/NA/NA/NA/AtBBE3/AtBBE6/STZ/ATGA2OX2/AtBBE10/NA/EXL1/NA/NA/NA/HSP17.6A/AtFBS1/AtPP2-A11/ATNPR1/STMP5/HKL/TN3/NA/NA/AtPERK9/AtRAV2/DUF569/TN7/TN8/TN9/TN11/AtPPsPase1/ATMKK9/NA/CML38/ATOPR1/NA/GAL1/ATLPP1/ATSERK4/ATL56/ATPUMP5/PIP3/NA/IQM4/PLA/AHASS1/AthCYSTM5/AthCYSTM6/NIP2;1/NA/ATHSPRO2/AtC3H29/ATCAMBP25/ATCAL4/CID1/ATWRKY46/ATPI4K/ATGSTF5/NA/ATPK19/ATERF-4/HRM1/AGC2/ZAT8/ZAT7/ATEDS1/ATPSK3/ATPAD4/NA/AtC3H47/ATWRKY70/NA/AtWRKY22/BPS3/AT-HSFB2B/AtNUDT7/DVL10/SCL13/CYP707A1/NA/CHS4/AtBBE22/ACR7/SGT1A/HUP40/NA/ACBP3/DIC2/CMI1/NA/NA/ATXTH18/ATL14/GAE1/CYP82C2/NA/UGT73B3/NA/VQ29/AtHMP43/AtZAT6/DREB2/NHL3/AtGILP/NA/NA/ATBCB/ANAC091/FLOT1/CBP60G/ATL31/NA/AtGDPD2/NRP/AtCML37/CYP707A3/AtS40-2/ATRBOHD/PBP1/CYP81F2/NA/AtXTH22/DM10/AtZAT12/SRO5/NA/ANAC102/EXL2/PROPEP3/NA/cMCU	141
GO:0036293	response to decreased oxygen levels	141/1498	267/15408	0.5280898876404494	5.431781701444622	23.972211125052766	2.5316196150174564e-72	8.004981222685196e-70	7.072545745532979e-70	NA/SAP2/NA/MAP3K13/(AT)SRC2/AtRAV1/PER4/NA/NA/atnudt4/HUP35/NA/NA/NA/AtBBE3/AtBBE6/STZ/ATGA2OX2/AtBBE10/NA/EXL1/NA/NA/NA/HSP17.6A/AtFBS1/AtPP2-A11/ATNPR1/STMP5/HKL/TN3/NA/NA/AtPERK9/AtRAV2/DUF569/TN7/TN8/TN9/TN11/AtPPsPase1/ATMKK9/NA/CML38/ATOPR1/NA/GAL1/ATLPP1/ATSERK4/ATL56/ATPUMP5/PIP3/NA/IQM4/PLA/AHASS1/AthCYSTM5/AthCYSTM6/NIP2;1/NA/ATHSPRO2/AtC3H29/ATCAMBP25/ATCAL4/CID1/ATWRKY46/ATPI4K/ATGSTF5/NA/ATPK19/ATERF-4/HRM1/AGC2/ZAT8/ZAT7/ATEDS1/ATPSK3/ATPAD4/NA/AtC3H47/ATWRKY70/NA/AtWRKY22/BPS3/AT-HSFB2B/AtNUDT7/DVL10/SCL13/CYP707A1/NA/CHS4/AtBBE22/ACR7/SGT1A/HUP40/NA/ACBP3/DIC2/CMI1/NA/NA/ATXTH18/ATL14/GAE1/CYP82C2/NA/UGT73B3/NA/VQ29/AtHMP43/AtZAT6/DREB2/NHL3/AtGILP/NA/NA/ATBCB/ANAC091/FLOT1/CBP60G/ATL31/NA/AtGDPD2/NRP/AtCML37/CYP707A3/AtS40-2/ATRBOHD/PBP1/CYP81F2/NA/AtXTH22/DM10/AtZAT12/SRO5/NA/ANAC102/EXL2/PROPEP3/NA/cMCU	141
GO:0070482	response to oxygen levels	141/1498	268/15408	0.5261194029850746	5.411513859275053	23.908013387711275	4.867236399310629e-72	1.2825167912183507e-69	1.133126789804422e-69	NA/SAP2/NA/MAP3K13/(AT)SRC2/AtRAV1/PER4/NA/NA/atnudt4/HUP35/NA/NA/NA/AtBBE3/AtBBE6/STZ/ATGA2OX2/AtBBE10/NA/EXL1/NA/NA/NA/HSP17.6A/AtFBS1/AtPP2-A11/ATNPR1/STMP5/HKL/TN3/NA/NA/AtPERK9/AtRAV2/DUF569/TN7/TN8/TN9/TN11/AtPPsPase1/ATMKK9/NA/CML38/ATOPR1/NA/GAL1/ATLPP1/ATSERK4/ATL56/ATPUMP5/PIP3/NA/IQM4/PLA/AHASS1/AthCYSTM5/AthCYSTM6/NIP2;1/NA/ATHSPRO2/AtC3H29/ATCAMBP25/ATCAL4/CID1/ATWRKY46/ATPI4K/ATGSTF5/NA/ATPK19/ATERF-4/HRM1/AGC2/ZAT8/ZAT7/ATEDS1/ATPSK3/ATPAD4/NA/AtC3H47/ATWRKY70/NA/AtWRKY22/BPS3/AT-HSFB2B/AtNUDT7/DVL10/SCL13/CYP707A1/NA/CHS4/AtBBE22/ACR7/SGT1A/HUP40/NA/ACBP3/DIC2/CMI1/NA/NA/ATXTH18/ATL14/GAE1/CYP82C2/NA/UGT73B3/NA/VQ29/AtHMP43/AtZAT6/DREB2/NHL3/AtGILP/NA/NA/ATBCB/ANAC091/FLOT1/CBP60G/ATL31/NA/AtGDPD2/NRP/AtCML37/CYP707A3/AtS40-2/ATRBOHD/PBP1/CYP81F2/NA/AtXTH22/DM10/AtZAT12/SRO5/NA/ANAC102/EXL2/PROPEP3/NA/cMCU	141
GO:0042742	defense response to bacterium	135/1498	413/15408	0.3268765133171913	3.362158422691111	15.968429115990649	3.741524097443451e-39	6.572610664508995e-37	5.807020441295275e-37	ATEXO70B2/AtCRT3/APK2A/LecRK-S.1/AtPEPR2/AtMYB51/AtJAZ1/PROSCOOP14/ATSBT3.3/ADR1/IOS1/NA/ALA3/ABCG36/ATNPR1/PXMT1/IDA/LecRK-V.2/SARD1/RGLG4/ATWRKY40/PBL14/ATIRE1-2/CAMTA3/TET8/ATWRKY17/NHL13/AtPUB12/CYP71A12/AP4.3A/ATWRKY33/BIK1/ATHSPRO2/ATWRKY54/PRN2/BGLU26/ATWRKY46/AtSDR3/ATL6/PBL39/IDL7/ATERF-4/AtC2/NDR1/AtCERK1/AtRIN4/BIR2/AtCAF1a/LecRK-I.1/LecRK-I.5/ATEDS1/ATERF#011/ZAR1/ATPAD4/LecRK-IV.2/ATEXO70H1/PBL1/ATWRKY70/SIB1/ACA11/ZRK3/ZED1/ATHLECRK/AtLPK1/LecRK-VII.1/CRK31/CRK32/CRK34/MEE54/AtNUDT7/CRK6/CRK7/CRK8/CRK10/AT-RLK3/CRK12/CRK13/CRK15/CRK17/CRK19/CRK20/CRK23/ATWRKY53/ACBP3/AtNHR2B/ATMEK1/RPS2/NA/LecRK-VII.2/PIP1/LecRK-V.9/GAE1/ATWRKY11/ATWRKY18/ADR1-L1/ATBAK1/XLG2/EDS5/LecRK-VI.2/LecRK-VI.3/LecRK-VI.4/ADR1-L2/IDL6/NHL3/AtGH3.12/SAG101/AtCAF1b/NA/PRLIP1/SZE1/CBP60G/ATL31/CML46/ARA8/PROSCOOP4/PROSCOOP12/ATNPR3/RPS4/FLS2/ATWRKY8/RPS6/ATERF-2/BIR1/ATWRKY48/ATWRKY27/NA/CYP81F2/ATEXO70B1/LecRK-I.7/CBP60a/ATWRKY51/LecRK-IX.2/CPK28/MAPKKK5/ATMYB44	135
GO:0071456	cellular response to hypoxia	134/1498	234/15408	0.5726495726495726	5.89010989010989	24.735909907816623	9.798246435732269e-75	1.5491027614892717e-71	1.3686603179175497e-71	NA/SAP2/NA/MAP3K13/(AT)SRC2/AtRAV1/PER4/NA/NA/atnudt4/HUP35/NA/NA/NA/AtBBE3/AtBBE6/STZ/ATGA2OX2/AtBBE10/NA/EXL1/NA/NA/NA/HSP17.6A/AtFBS1/AtPP2-A11/STMP5/HKL/TN3/NA/NA/AtPERK9/AtRAV2/DUF569/TN7/TN8/TN9/TN11/AtPPsPase1/ATMKK9/NA/CML38/ATOPR1/NA/GAL1/ATLPP1/ATSERK4/ATL56/ATPUMP5/PIP3/NA/IQM4/PLA/AthCYSTM5/AthCYSTM6/NA/ATHSPRO2/AtC3H29/ATCAMBP25/ATCAL4/CID1/ATWRKY46/ATPI4K/ATGSTF5/NA/ATPK19/ATERF-4/HRM1/AGC2/ZAT8/ZAT7/ATPSK3/NA/AtC3H47/ATWRKY70/NA/AtWRKY22/BPS3/AT-HSFB2B/AtNUDT7/DVL10/SCL13/NA/AtBBE22/ACR7/SGT1A/HUP40/NA/ACBP3/DIC2/CMI1/NA/NA/ATXTH18/ATL14/GAE1/CYP82C2/NA/UGT73B3/NA/VQ29/AtHMP43/AtZAT6/DREB2/NHL3/AtGILP/NA/NA/ATBCB/ANAC091/FLOT1/CBP60G/ATL31/NA/AtGDPD2/NRP/AtCML37/CYP707A3/AtS40-2/ATRBOHD/PBP1/CYP81F2/NA/AtXTH22/DM10/AtZAT12/SRO5/NA/ANAC102/EXL2/PROPEP3/NA/cMCU	134
GO:0036294	cellular response to decreased oxygen levels	134/1498	236/15408	0.5677966101694916	5.840193704600485	24.58944405811557	4.376033702872499e-74	2.306169761413807e-71	2.0375427100743184e-71	NA/SAP2/NA/MAP3K13/(AT)SRC2/AtRAV1/PER4/NA/NA/atnudt4/HUP35/NA/NA/NA/AtBBE3/AtBBE6/STZ/ATGA2OX2/AtBBE10/NA/EXL1/NA/NA/NA/HSP17.6A/AtFBS1/AtPP2-A11/STMP5/HKL/TN3/NA/NA/AtPERK9/AtRAV2/DUF569/TN7/TN8/TN9/TN11/AtPPsPase1/ATMKK9/NA/CML38/ATOPR1/NA/GAL1/ATLPP1/ATSERK4/ATL56/ATPUMP5/PIP3/NA/IQM4/PLA/AthCYSTM5/AthCYSTM6/NA/ATHSPRO2/AtC3H29/ATCAMBP25/ATCAL4/CID1/ATWRKY46/ATPI4K/ATGSTF5/NA/ATPK19/ATERF-4/HRM1/AGC2/ZAT8/ZAT7/ATPSK3/NA/AtC3H47/ATWRKY70/NA/AtWRKY22/BPS3/AT-HSFB2B/AtNUDT7/DVL10/SCL13/NA/AtBBE22/ACR7/SGT1A/HUP40/NA/ACBP3/DIC2/CMI1/NA/NA/ATXTH18/ATL14/GAE1/CYP82C2/NA/UGT73B3/NA/VQ29/AtHMP43/AtZAT6/DREB2/NHL3/AtGILP/NA/NA/ATBCB/ANAC091/FLOT1/CBP60G/ATL31/NA/AtGDPD2/NRP/AtCML37/CYP707A3/AtS40-2/ATRBOHD/PBP1/CYP81F2/NA/AtXTH22/DM10/AtZAT12/SRO5/NA/ANAC102/EXL2/PROPEP3/NA/cMCU	134
GO:0071453	cellular response to oxygen levels	134/1498	236/15408	0.5677966101694916	5.840193704600485	24.58944405811557	4.376033702872499e-74	2.306169761413807e-71	2.0375427100743184e-71	NA/SAP2/NA/MAP3K13/(AT)SRC2/AtRAV1/PER4/NA/NA/atnudt4/HUP35/NA/NA/NA/AtBBE3/AtBBE6/STZ/ATGA2OX2/AtBBE10/NA/EXL1/NA/NA/NA/HSP17.6A/AtFBS1/AtPP2-A11/STMP5/HKL/TN3/NA/NA/AtPERK9/AtRAV2/DUF569/TN7/TN8/TN9/TN11/AtPPsPase1/ATMKK9/NA/CML38/ATOPR1/NA/GAL1/ATLPP1/ATSERK4/ATL56/ATPUMP5/PIP3/NA/IQM4/PLA/AthCYSTM5/AthCYSTM6/NA/ATHSPRO2/AtC3H29/ATCAMBP25/ATCAL4/CID1/ATWRKY46/ATPI4K/ATGSTF5/NA/ATPK19/ATERF-4/HRM1/AGC2/ZAT8/ZAT7/ATPSK3/NA/AtC3H47/ATWRKY70/NA/AtWRKY22/BPS3/AT-HSFB2B/AtNUDT7/DVL10/SCL13/NA/AtBBE22/ACR7/SGT1A/HUP40/NA/ACBP3/DIC2/CMI1/NA/NA/ATXTH18/ATL14/GAE1/CYP82C2/NA/UGT73B3/NA/VQ29/AtHMP43/AtZAT6/DREB2/NHL3/AtGILP/NA/NA/ATBCB/ANAC091/FLOT1/CBP60G/ATL31/NA/AtGDPD2/NRP/AtCML37/CYP707A3/AtS40-2/ATRBOHD/PBP1/CYP81F2/NA/AtXTH22/DM10/AtZAT12/SRO5/NA/ANAC102/EXL2/PROPEP3/NA/cMCU	134
GO:0002376	immune system process	126/1498	333/15408	0.3783783783783784	3.891891891891892	17.50761117881502	2.9281161871570083e-44	6.613359559850328e-42	5.843022827605038e-42	CTNIP1/AtCRT3/EGM1/OSCA1.3/MACP1/SOC3/PAPS1/AtMYB51/ATGSTU13/NSL1/ATPUB17/CAD1/RKFL1/ATSBT3.3/AtERF014/NILR2/NA/IGP4/ABCG36/NA/NA/NA/NA/ERN1/ATNPR1/ARK1/ARK2/ZRK12/NA/TN11/ATPEPR1/ATPSKR1/ATSERK4/PIP3/AtLYK4/PLA/AtPUB12/CYP71A12/AtLYK5/AtPUB23/BIK1/BGLU26/TN13/RPM1/PBL39/AT-SYR1/PUB24/ATERF-4/CES101/MKS1/NDR1/AtCERK1/NA/AtRIN4/BIR2/ATEXO70E1/LecRK-I.5/ATEDS1/AtBCS1/ZAR1/ATSYP122/ATPAD4/AtPUB22/UGT73C7/ATCHITIV/ATWRKY70/ZED1/CRK41/CRK36/CRK39/CRK40/CRK31/CRK32/CRK34/MEE54/ARCK1/NA/AtNUDT7/CHS4/B120/CRK29/CRK6/CRK7/CRK8/CRK10/AT-RLK3/CRK12/CRK13/CRK15/CRK17/CRK19/CRK20/CRK23/MACP2/RPS2/PIP1/ATWRKY11/ATBAK1/XLG2/PIP2/CRK26/EDS5/LecRK-VI.2/NA/PBL40/IDL6/AtGILP/AtGH3.12/EFR/SZE1/PBL13/AtCML24/LAZ5/ATNPR3/RPS4/FLS2/PBL19/ATERF-2/BIR1/CYP81F2/ATEXO70B1/PEP2/ATPEP1/PROPEP3/LecRK-IX.2/MAPKKK5	126
GO:0006955	immune response	123/1498	329/15408	0.3738601823708207	3.8454190186712984	17.12021803444488	1.431027294414612e-42	2.828067690586877e-40	2.4986489732739346e-40	CTNIP1/AtCRT3/EGM1/OSCA1.3/MACP1/SOC3/PAPS1/AtMYB51/ATGSTU13/NSL1/ATPUB17/CAD1/RKFL1/ATSBT3.3/AtERF014/NILR2/NA/IGP4/ABCG36/NA/NA/NA/NA/ERN1/ATNPR1/ARK1/ARK2/ZRK12/NA/TN11/ATPEPR1/ATPSKR1/ATSERK4/PIP3/AtLYK4/PLA/AtPUB12/CYP71A12/AtLYK5/BIK1/BGLU26/TN13/RPM1/PBL39/AT-SYR1/ATERF-4/CES101/MKS1/NDR1/AtCERK1/NA/AtRIN4/BIR2/ATEXO70E1/LecRK-I.5/ATEDS1/AtBCS1/ZAR1/ATSYP122/ATPAD4/UGT73C7/ATCHITIV/ATWRKY70/ZED1/CRK41/CRK36/CRK39/CRK40/CRK31/CRK32/CRK34/MEE54/ARCK1/NA/AtNUDT7/CHS4/B120/CRK29/CRK6/CRK7/CRK8/CRK10/AT-RLK3/CRK12/CRK13/CRK15/CRK17/CRK19/CRK20/CRK23/MACP2/RPS2/PIP1/ATWRKY11/ATBAK1/XLG2/PIP2/CRK26/EDS5/LecRK-VI.2/NA/PBL40/IDL6/AtGILP/AtGH3.12/EFR/SZE1/PBL13/AtCML24/LAZ5/ATNPR3/RPS4/FLS2/PBL19/ATERF-2/BIR1/CYP81F2/ATEXO70B1/PEP2/ATPEP1/PROPEP3/LecRK-IX.2/MAPKKK5	123
GO:0140546	defense response to symbiont	123/1498	397/15408	0.30982367758186397	3.186757826556315	14.485800956541699	4.070652288510703e-33	5.850637516486746e-31	5.169144102252348e-31	CTNIP1/AtCRT3/OSCA1.3/MACP1/SOC3/PAPS1/AtMYB51/ATGSTU13/NSL1/ATPUB17/CAD1/RKFL1/AGO3/ATSBT3.3/AtERF014/ILL5/NILR2/NA/IGP4/ABCG36/NA/NA/NA/NA/ERN1/ATNPR1/ATPP2-A5/NA/TN11/ATPEPR1/SARD1/ATWRKY40/ATPSKR1/ATSERK4/AVI2/PIP3/AtLYK4/PLA/CYP71A12/AtLYK5/ATNHL10/ATWRKY33/BIK1/BGLU26/TN13/RPM1/PBL39/NHL2/AT-SYR1/ATERF-4/CES101/MKS1/NDR1/AtCERK1/NA/AtRIN4/NIMIN-2/BIR2/LecRK-I.5/ATEDS1/AtBCS1/ATSYP122/ATPAD4/UGT73C7/ATCHITIV/ATWRKY70/CRK31/CRK32/CRK34/MEE54/AtNUDT7/CHS4/CRK6/CRK7/CRK8/CRK9/CRK10/AT-RLK3/CRK12/CRK13/CRK15/CRK17/CRK19/CRK20/CRK23/MACP2/RPS2/NA/PIP1/ATWRKY11/ATWRKY18/ATBAK1/XLG2/PIP2/EDS5/LecRK-VI.2/NA/AtDIP2/PBL40/IDL6/NHL3/AtGILP/AtGH3.12/SAG101/EFR/ANAC091/CBP60G/AtCML24/LAZ5/ATNPR3/RPS4/FLS2/ATWRKY8/PBL19/ATERF-2/BIR1/AtLTP4.5/CYP81F2/PEP2/ATPEP1/PROPEP3/LecRK-IX.2/MAPKKK5	123
GO:0009620	response to fungus	114/1498	355/15408	0.3211267605633803	3.3030181086519113	14.406264411438169	2.4984534785122095e-32	3.291712457939836e-30	2.908287514022546e-30	NA/ATEXO70B2/LOV1/ATMLO2/NA/ATLOX3/NA/NA/ERF58/AtERF019/AT3-MMP/ATFH4/ATGSTU13/NA/ATSBT3.3/ADR1/APCB1/IOS1/NA/ALA3/ABCG36/AT5-MMP/ATNPR1/NA/NA/PXMT1/At2-MMP/ATMKK9/ATMYB122/NA/NA/RFO1/ATWAKL10/ATWRKY40/At17.1/VLG/CAMTA3/AP2C1/atPARG2/atPARG1/NA/ATL2G/ATWRKY33/NA/BIK1/AtC3H29/ATWRKY54/ATCNGC11/NA/AtRLP30/AtMYB108/AtMDAR3/ATWI-12/AT-SYR1/AtEWR1/CES101/AtCERK1/ATPERK1/AOC3/BIR2/LecRK-I.1/HR2/HR3/HR4/NA/ATSYP122/ATEXO70H1/ATWRKY70/NA/AtKPI-1/NA/ATSYP42/AtPME41/CYP707A1/VQ28/AtBBE19/SGT1A/ACBP3/NA/GAE1/ATWRKY18/ADR1-L1/ATBAK1/XLG2/ERF109/AGB1/ADR1-L2/EDR4/anac081/ATL55/NA/NA/AtRLP52/CBP60G/ARACIN2/ARACIN1/PR5K/PRX62/PROSCOOP12/ATNPR3/ATWRKY8/ATRBOHD/SPL13/SPL13/CYP81F2/ATEXO70B1/ERF104/ERF114/AtPRX71/ABR1/ATWRKY51/MAPKKK5/NRG1.1/ATMYB44	114
GO:0080134	regulation of response to stress	113/1498	462/15408	0.24458874458874458	2.515769944341373	10.855333566110376	5.891611847892559e-21	5.174799073065631e-19	4.572028609446448e-19	NA/PLIP2/CTNIP1/ATEXO70B2/BON3/RAS1/ATMLO2/OSCA1.3/APK2A/JAZ5/SOC3/PAPS1/AtJAZ1/RKFL1/ATMYC2/AtERF014/ILL5/IOS1/NILR2/NA/AthCYSTM3/IGP4/ABCG36/NA/NA/NA/NA/ERN1/ATNPR1/TN11/SARD1/ATWRKY40/ATPSKR1/CAMTA3/ATGSTU4/atPARG2/atPARG1/EVR/BIK1/ATWRKY54/ATWRKY46/OBE1/PBL39/IDL7/AT-SYR1/ATERF-4/CARK1/AtC2/MKS1/AtCERK1/NA/AtRIN4/NIMIN-2/BIR2/LecRK-I.5/ATMAPK3/ANAC062/atPub30/ATBZIP24/ATSYP122/ATPAD4/UGT73C7/ZAT18/ATEXO70H1/PBL1/ATWRKY70/NA/ATHLECRK/BAP1/NA/ATSYP42/MIK2/ARCK1/AtNUDT7/SGT1A/ATWRKY53/AtMORC7/ATWRKY18/XLG2/ATMYB73/EDS5/AO/LecRK-VI.2/NA/PBL40/EDR4/IDL6/BURNOUT1/AtGILP/AtGH3.12/SAG101/EFR/ANAC091/SZE1/CBP60G/CML46/PROSCOOP12/ATNPR3/RPS4/FLS2/ATWRKY8/ATERF-2/CCR4/BIR1/AtDTX50/ATOXS3/CBP60a/LecRK-IX.2/APD9/ATRAD17/CPK28/MAPKKK5/ATMYB44	113
GO:0045087	innate immune response	103/1498	282/15408	0.36524822695035464	3.756838905775076	15.332934421317942	1.0405563562704666e-34	1.6451195992636078e-32	1.4534929313377992e-32	CTNIP1/AtCRT3/OSCA1.3/MACP1/SOC3/PAPS1/AtMYB51/ATGSTU13/NSL1/ATPUB17/CAD1/RKFL1/ATSBT3.3/AtERF014/NILR2/NA/IGP4/ABCG36/NA/NA/NA/NA/ERN1/ATNPR1/NA/TN11/ATPEPR1/ATPSKR1/ATSERK4/PIP3/AtLYK4/PLA/CYP71A12/AtLYK5/BIK1/BGLU26/TN13/RPM1/PBL39/AT-SYR1/ATERF-4/CES101/MKS1/NDR1/AtCERK1/NA/AtRIN4/BIR2/LecRK-I.5/ATEDS1/AtBCS1/ATSYP122/ATPAD4/UGT73C7/ATCHITIV/ATWRKY70/CRK31/CRK32/CRK34/MEE54/AtNUDT7/CHS4/CRK6/CRK7/CRK8/CRK10/AT-RLK3/CRK12/CRK13/CRK15/CRK17/CRK19/CRK20/CRK23/MACP2/RPS2/PIP1/ATWRKY11/ATBAK1/XLG2/PIP2/EDS5/LecRK-VI.2/NA/PBL40/IDL6/AtGILP/AtGH3.12/EFR/AtCML24/LAZ5/ATNPR3/RPS4/FLS2/PBL19/ATERF-2/BIR1/CYP81F2/PEP2/ATPEP1/PROPEP3/LecRK-IX.2/MAPKKK5	103
GO:0031347	regulation of defense response	94/1498	322/15408	0.2919254658385093	3.0026619343389527	11.91790475040308	2.1870935823668494e-23	2.6598422720938375e-21	2.3500187723083476e-21	NA/PLIP2/CTNIP1/ATEXO70B2/BON3/ATMLO2/OSCA1.3/APK2A/JAZ5/SOC3/PAPS1/AtJAZ1/RKFL1/ATMYC2/AtERF014/ILL5/IOS1/NILR2/NA/IGP4/ABCG36/NA/NA/NA/NA/ERN1/ATNPR1/TN11/SARD1/ATWRKY40/ATPSKR1/CAMTA3/ATGSTU4/EVR/BIK1/ATWRKY54/OBE1/PBL39/AT-SYR1/ATERF-4/AtC2/MKS1/AtCERK1/NA/AtRIN4/NIMIN-2/BIR2/LecRK-I.5/ATSYP122/ATPAD4/UGT73C7/ATEXO70H1/PBL1/ATWRKY70/NA/ATHLECRK/BAP1/NA/ATSYP42/MIK2/ARCK1/AtNUDT7/SGT1A/ATWRKY53/AtMORC7/ATWRKY18/XLG2/EDS5/AO/LecRK-VI.2/NA/PBL40/EDR4/IDL6/AtGILP/AtGH3.12/SAG101/EFR/ANAC091/SZE1/CBP60G/CML46/PROSCOOP12/ATNPR3/RPS4/FLS2/ATERF-2/BIR1/CBP60a/LecRK-IX.2/ATRAD17/CPK28/MAPKKK5/ATMYB44	94
GO:0006468	protein phosphorylation	88/1498	422/15408	0.20853080568720378	2.1448882870683814	7.8257839975986485	2.8774624974628868e-12	1.378566123784492e-10	1.2179881129611644e-10	HAK1/MAP3K13/NA/PEPKR1/APK2A/WAKL2/CRPK1/ATCDPK1/NA/IOS1/SIF4/SIF2/NA/NILR2/NA/IGP4/ARK1/ARK2/NA/NA/NA/NA/LecRK-V.2/ASG6/CRK3/NA/ATMKK9/NA/GRACE/PBL31/ATMPK17/PBL14/ATSERK4/ATSERK5/ATCDPK3/ATIRE1-2/NA/MAPKKK14/NA/AP4.3A/AtLYK5/ATWL2/BIK1/ATPI4K/ATPK19/CARK1/CPK9/AtCERK1/ATPERK1/AtRIN4/AGC2/BIR2/LecRK-I.5/ATMAPK3/Raf43/NA/CARK5/ATHLECRK/CRK41/ARAKIN/MIK2/PBL20/NA/BHP/CRK17/ATCIPK8/LecRK-VII.2/SD2-5/AtPERK5/SRPK1/NA/ATCPK1/EFR/NA/SZE1/PBL13/LRK10L3/NA/NA/NA/MLKL2/NA/MDIS1/MAPKKK15/NA/LecRK-IX.2/CPK28/MAPKKK5	88
GO:0006979	response to oxidative stress	81/1498	439/15408	0.1845102505694761	1.8978197201431828	6.262913148413502	9.752385204291405e-9	3.0837042015969423e-7	2.724508456019936e-7	ATGST1/UGT74E2/HEMA2/ISTL6/PER4/NA/AtPCR2/ATMC8/HUP35/STZ/AtTPPD/NA/HSP17.6A/ASG6/NA/ATLOX4/NA/NA/ATGPA1/atPARG1/NA/ATHSPRO2/ATWRKY54/AtPRX25/HRG1/CARK3/ATGPX4/NA/IDL7/ATWI-12/NA/AGC2/GATL10/NA/ATMAPK3/ZAT7/Raf43/ATEDS1/ATWRKY70/AtLEA5/RMG1/ACS6/MEE54/AtNUDT7/ATERF6/AT-HSFA4A/CHS4/AtBBE19/ATMSRB9/CRK6/CRK7/AT-RLK3/ATWRKY53/NA/ATMEK1/NA/Prx47/BT5/GGT1/IDL6/DREB2/NA/ATBCB/NA/NA/ATWRKY30/ATVSP2/ATFC-I/ARACIN2/ARACIN1/AtCML24/PRX62/AtCML37/ATWRKY8/FQR1/ATTSB1/ATOXS3/CRCK1/AtZAT12/BT1/AtPRX71	81
GO:0014070	response to organic cyclic compound	80/1498	332/15408	0.24096385542168675	2.478485370051635	8.93705420189456	9.028265272665026e-15	5.299067970546566e-13	4.681822428786107e-13	AtRAV1/MACP1/B1L/DREB26/PROSCOOP14/NSL1/GRX480/ATMYC2/AtERF014/ABCG36/AtFBS1/ATNPR1/ATPP2-A5/STMP3/STMP4/STMP5/STMP7/NA/PXMT1/DIN9/CML38/ATOPR1/ATWAKL10/ATWRKY40/ATSERK4/ATIRE1-2/CAMTA3/AtS40.4/AP4.3A/ATHSPRO2/ATWRKY54/ATWRKY46/AT-SYR1/ATCNGC19/NA/ATEDS1/HR4/AtBCS1/NA/ATSYP122/ATPAD4/ATWRKY70/BAP1/ATSYP42/AtPME41/CPK31/EXO/ABS1/BEH3/CHS4/CRK9/CRK19/CRK20/ATWRKY53/MACP2/NA/MERI-5/SMXL2/ATWRKY18/ATBAK1/AGB1/SAUR9/BT5/EDS5/DIV2/EDR4/NHL3/anac081/ATWRKY30/ARACIN2/ARACIN1/NHL25/PROSCOOP4/ATNPR3/AtS40-2/NDL1/AtXTH22/BT1/LecRK-IX.2/ATMYB44	80
GO:0035556	intracellular signal transduction	80/1498	489/15408	0.16359918200409	1.68273444347064	5.03486428720487	2.125521663071299e-6	5.33404722113607e-5	4.712727229566606e-5	ATMPK11/PEPKR1/ATCDPK1/ATERF11/ATBZIP60/NA/ATMEK4/ATERF-8/NF-YA5/NA/ATMKK9/ATCPK30/CPK29/ATMPK17/ATCDPK3/ATIRE1-2/ATDGK5/ATGPA1/ATGLR2.9/ATGLR2.8/ATERF15/NA/ATWL2/ATWRKY54/ATERF13/ATGLR1.1/BZIP28/ATERF-4/CPK9/AtBBX32/AtCERK1/AOX1A/AtERF98/AtERF#092/PIRL2/ATMAPK3/ANAC062/ATCML9/ATPAD4/PP2C.D4/ATWRKY70/ATCPK32/CPK31/CPK27/ARAKIN/ATCPK4/ATMPK5/RALFL28/NDR1/RALF33/ATERF6/ATCBL1/CHS4/REN1/ATMEK1/NA/APD5/AGB1/ATCPK5/BIG4/ATPLC1/ATCPK1/PIRL1/ATGLR2.5/CPK7/AtCPK34/NA/CAD1/ATERF-2/ATERF-5/ATRBOHD/ATGLR1.2/ATGLR1.3/ATWRKY27/NA/HAI1/APD9/ATRAD17/CPK28/MAPKKK5	80
GO:0002831	regulation of response to biotic stimulus	78/1498	250/15408	0.312	3.2091428571428575	11.55644447383167	1.5028499376819317e-21	1.3976504420441966e-19	1.2348494534389618e-19	NA/CTNIP1/ATEXO70B2/OSCA1.3/APK2A/SOC3/PAPS1/RKFL1/ATMYC2/AtERF014/ILL5/IOS1/NILR2/NA/IGP4/ABCG36/NA/NA/NA/NA/ERN1/ATNPR1/TN11/SARD1/ATWRKY40/CAMTA3/ATGSTU4/BIK1/PBL39/AT-SYR1/ATERF-4/AtC2/MKS1/AtCERK1/NA/AtRIN4/NIMIN-2/BIR2/LecRK-I.5/ATSYP122/ATPAD4/UGT73C7/ATEXO70H1/PBL1/ATWRKY70/NA/ATHLECRK/NA/ATSYP42/AtNUDT7/SGT1A/AtMORC7/ATWRKY18/XLG2/AO/LecRK-VI.2/NA/PBL40/EDR4/IDL6/AtGILP/AtGH3.12/SAG101/EFR/ANAC091/SZE1/CBP60G/CML46/PROSCOOP12/ATNPR3/RPS4/FLS2/ATERF-2/CBP60a/LecRK-IX.2/CPK28/MAPKKK5/ATMYB44	78
GO:0032101	regulation of response to external stimulus	78/1498	250/15408	0.312	3.2091428571428575	11.55644447383167	1.5028499376819317e-21	1.3976504420441966e-19	1.2348494534389618e-19	NA/CTNIP1/ATEXO70B2/OSCA1.3/APK2A/SOC3/PAPS1/RKFL1/ATMYC2/AtERF014/ILL5/IOS1/NILR2/NA/IGP4/ABCG36/NA/NA/NA/NA/ERN1/ATNPR1/TN11/SARD1/ATWRKY40/CAMTA3/ATGSTU4/BIK1/PBL39/AT-SYR1/ATERF-4/AtC2/MKS1/AtCERK1/NA/AtRIN4/NIMIN-2/BIR2/LecRK-I.5/ATSYP122/ATPAD4/UGT73C7/ATEXO70H1/PBL1/ATWRKY70/NA/ATHLECRK/NA/ATSYP42/AtNUDT7/SGT1A/AtMORC7/ATWRKY18/XLG2/AO/LecRK-VI.2/NA/PBL40/EDR4/IDL6/AtGILP/AtGH3.12/SAG101/EFR/ANAC091/SZE1/CBP60G/CML46/PROSCOOP12/ATNPR3/RPS4/FLS2/ATERF-2/CBP60a/LecRK-IX.2/CPK28/MAPKKK5/ATMYB44	78
GO:0050832	defense response to fungus	75/1498	258/15408	0.29069767441860467	2.990033222591362	10.578284579378023	8.9944243270853e-19	6.771516600534219e-17	5.982757434607616e-17	NA/ATEXO70B2/LOV1/NA/AT3-MMP/ATFH4/ATGSTU13/ADR1/APCB1/IOS1/ALA3/ABCG36/AT5-MMP/ATNPR1/NA/At2-MMP/ATMYB122/NA/ATWRKY40/CAMTA3/AP2C1/atPARG2/atPARG1/NA/ATL2G/ATWRKY33/NA/BIK1/AtC3H29/ATWRKY54/NA/AtRLP30/AT-SYR1/AtEWR1/BIR2/LecRK-I.1/ATSYP122/ATWRKY70/NA/AtKPI-1/NA/ATSYP42/AtPME41/CYP707A1/AtBBE19/SGT1A/ACBP3/NA/GAE1/ATWRKY18/ADR1-L1/ATBAK1/XLG2/ERF109/AGB1/ADR1-L2/EDR4/AtRLP52/ARACIN2/ARACIN1/PRX62/PROSCOOP12/ATNPR3/ATWRKY8/ATRBOHD/CYP81F2/ATEXO70B1/ERF104/ERF114/AtPRX71/ABR1/ATWRKY51/MAPKKK5/NRG1.1/ATMYB44	75
GO:0001101	response to acid chemical	75/1498	455/15408	0.16483516483516483	1.695447409733124	4.941481895331615	3.3281650449762504e-6	8.09512144016531e-5	7.152186258596737e-5	ACS2/ATGST1/UGT74E2/ATEXO70B2/ERD6/LRK10L1.1/HUP35/ERF58/AtERF019/PROSCOOP14/STZ/ATMYC2/ADR1/LEA7/NF-YA5/ABCG36/AtFBS1/STMP3/STMP4/AtRPK1/ERD7/ATGLR2.9/ATGLR2.8/atPARG1/XMPP/AtPUB23/ATWRKY33/ATWRKY54/ATCAMBP25/CID1/ATWRKY46/ATMYB2/CLI1/NA/ATGLR1.1/AtMDAR3/BRL3/AtEWR1/CARK1/AZF2/ATMYB15/AtBAM1/ATMAPK3/AtRDUF1/Raf43/ATCML9/AtPUB22/ZAT18/ATWRKY70/EDL3/AtLEA5/ARAKIN/ACS6/ARCK1/AMT1;1/ATCBL1/ATCBF1/ATMEK1/DREB2/ATGLR2.5/ATSTP13/CBP60G/PDH2/AtCML37/CYP707A3/ATGLR1.2/ATGLR1.3/UBC33/AtDTX50/ATOXS3/ATEXO70B1/HAI1/AtRDUF2/ATMYB96/ATMYB44	75
GO:0071396	cellular response to lipid	73/1498	447/15408	0.16331096196868009	1.6797698945349953	4.78615500724521	6.295092264785368e-6	1.4423972276269084e-4	1.2743840481113934e-4	UGT74E2/RAS1/ATPUB18/JAZ5/LRK10L1.1/ATCDPK1/AtJAZ1/GRX480/ATMYC2/IOS1/NF-YA5/ATNPR1/ATPP2-A5/ARK1/RGLG5/AtRPK1/ATCPK30/CML38/RGLG4/NA/ATSERK4/ATCDPK3/ATGPA1/AtS40.4/AP2C1/AP4.3A/ATHPP2C5/ATWRKY54/ATWRKY46/ATPUB9/AT-SYR1/ATERF-4/NA/CARK1/AtC2/NA/JAV1/AtERF#092/RIFP1/ATMAPK3/ATSYP122/ATPAD4/ZAT18/ATWRKY70/ATCPK32/EDL3/NA/EXO/ATCPK4/ARCK1/ABS1/ATCBL1/BEH3/ATWRKY53/NA/MERI-5/ATWRKY11/ATBAK1/AGB1/LecRK-VI.2/LecRK-VI.3/LecRK-VI.4/CBP60G/ATNPR3/ATERF-2/NA/ATEXO70B1/HAI1/ATMYB96/ABR1/ATWRKY51/AtARRE/ATMYB44	73
GO:0009651	response to salt stress	70/1498	474/15408	0.14767932489451477	1.518987341772152	3.7662508763889733	2.4816220117516606e-4	0.004044788041834407	0.0035736434178995705	UGT74E2/ERD6/RAS1/PROSCOOP14/STZ/NSL1/AtTPPD/5PTASE11/AthCYSTM3/HSP17.6A/ABCG36/AtFBS1/STMP3/STMP4/AtRPK1/At2-MMP/ATMKK9/atfut4/ERD7/IQM4/ATWRKY25/ATWRKY33/AtC3H29/ATCAMBP25/ANAC042/BGLU26/ATPI4K/ATMYB2/AtRLP30/ATPK19/IDL7/ITN1/CAMTA6/AtC2/AZF2/UGT71B6/ATMYB15/Raf43/MPT2/LSU1/atPub30/ATCML9/ATBZIP24/AtC3H47/SAP13/ATCPK32/BGLU27/PP2C49/EDL3/ARAKIN/ARCK1/AtNUDT7/ATCBL1/ChiC/AtSAP10/NA/ATMYB73/SIS/IDL6/ATVSP2/ATSTP13/ATWRKY8/ATCP1/CRCK1/AtZAT12/RZFP/SRO5/ATSAC1B/ATMYB44/AZF1	70
GO:0012501	programmed cell death	68/1498	206/15408	0.3300970873786408	3.395284327323162	11.357734227147697	1.9210272952671954e-20	1.5984969230618084e-18	1.412300953362642e-18	ATMC1/AtCRT3/BON3/MACP1/ATMC8/NSL1/ATPUB17/CAD1/ABCG36/ATNPR1/TN11/ATG14a/AMC6/ATSERK4/ATIRE1-2/ATGPA1/PLA/EVR/AtMYB108/RPM1/AT-SYR1/NDR1/AtCERK1/AtRIN4/AGC2/ATEDS1/ATERF#011/AtBCS1/ATSYP122/ATPAD4/ATCHITIV/ACA11/CRK31/CRK32/CRK34/AtNUDT7/CHS4/CRK6/CRK7/CRK8/CRK9/CRK10/AT-RLK3/CRK12/CRK13/CRK15/CRK17/CRK19/CRK20/CRK23/MACP2/RPS2/ATBAK1/CYCLASE1/XLG2/ATCPK1/ATL55/AtGILP/AtGH3.12/EFR/NRP/LAZ5/ATNPR3/RPS4/ATRBOHD/BIR1/ANAC104/LecRK-IX.2	68
GO:0008219	cell death	68/1498	208/15408	0.3269230769230769	3.3626373626373627	11.257924300034752	3.501568261265743e-20	2.7679897105305697e-18	2.445568990894548e-18	ATMC1/AtCRT3/BON3/MACP1/ATMC8/NSL1/ATPUB17/CAD1/ABCG36/ATNPR1/TN11/ATG14a/AMC6/ATSERK4/ATIRE1-2/ATGPA1/PLA/EVR/AtMYB108/RPM1/AT-SYR1/NDR1/AtCERK1/AtRIN4/AGC2/ATEDS1/ATERF#011/AtBCS1/ATSYP122/ATPAD4/ATCHITIV/ACA11/CRK31/CRK32/CRK34/AtNUDT7/CHS4/CRK6/CRK7/CRK8/CRK9/CRK10/AT-RLK3/CRK12/CRK13/CRK15/CRK17/CRK19/CRK20/CRK23/MACP2/RPS2/ATBAK1/CYCLASE1/XLG2/ATCPK1/ATL55/AtGILP/AtGH3.12/EFR/NRP/LAZ5/ATNPR3/RPS4/ATRBOHD/BIR1/ANAC104/LecRK-IX.2	68
GO:0009415	response to water	66/1498	425/15408	0.15529411764705883	1.597310924369748	4.097763747560236	8.491870426013774e-5	0.0015146766533605848	0.0013382442285092687	ACS2/ATGST1/UGT74E2/ATEXO70B2/ERD6/LRK10L1.1/HUP35/ERF58/AtERF019/PROSCOOP14/STZ/ATMYC2/ADR1/LEA7/NF-YA5/ABCG36/STMP3/STMP4/AtRPK1/ERD7/atPARG1/XMPP/AtPUB23/ATWRKY33/ATWRKY54/ATCAMBP25/CID1/ATWRKY46/ATMYB2/CLI1/NA/AtMDAR3/BRL3/AtEWR1/CARK1/AZF2/ATMYB15/AtBAM1/AtRDUF1/Raf43/ATCML9/AtPUB22/ZAT18/ATWRKY70/EDL3/AtLEA5/ACS6/ARCK1/AMT1;1/ATCBL1/ATCBF1/ATMEK1/DREB2/ATSTP13/CBP60G/PDH2/AtCML37/CYP707A3/UBC33/AtDTX50/ATOXS3/ATEXO70B1/HAI1/AtRDUF2/ATMYB96/ATMYB44	66
GO:0009611	response to wounding	65/1498	251/15408	0.2589641434262948	2.663631189527604	8.720445500693534	8.681676898728461e-14	4.7330107506516195e-12	4.181700633253237e-12	5PTASE13/WAKL7/WAKL5/JAZ5/ATLOX3/AtPEPR2/HUP35/AtJAZ1/OPCL1/IGMT3/IGMT2/STZ/ATMYC2/NA/AtERF014/AtFBS1/ATNPR1/ATPP2-A5/NA/ATCK1/ATLOX4/TN9/ATPEPR1/ATMKK9/ERF018/CML38/ATOPR1/RGLG4/ATWRKY40/ATPSKR1/ATSUC3/AAS/AP2C1/AP4.3A/NA/ATWRKY23/AT-RSH2/NA/ATPERK1/AGC2/AtCAF1a/ATMAPK3/NA/ZAT18/EFD/ATCHITIV/BAP1/ARAKIN/ACS6/ANS/ATMEK1/NHL3/anac081/ATBCB/ATVSP2/NA/PROSCOOP4/CAD1/PROSCOOP12/ATRBOHD/ATOXS3/NA/NA/AtZAT12/ATPEP1	65
GO:0009414	response to water deprivation	65/1498	413/15408	0.15738498789346247	1.6188170183327568	4.183265439816557	6.394096239179506e-5	0.001189301900487388	0.0010507697472930285	ACS2/ATGST1/UGT74E2/ATEXO70B2/ERD6/LRK10L1.1/HUP35/ERF58/AtERF019/PROSCOOP14/STZ/ATMYC2/ADR1/LEA7/NF-YA5/ABCG36/STMP3/STMP4/AtRPK1/ERD7/atPARG1/XMPP/AtPUB23/ATWRKY33/ATWRKY54/ATCAMBP25/CID1/ATWRKY46/ATMYB2/CLI1/NA/AtMDAR3/BRL3/AtEWR1/CARK1/AZF2/ATMYB15/AtBAM1/AtRDUF1/Raf43/ATCML9/AtPUB22/ZAT18/ATWRKY70/EDL3/AtLEA5/ACS6/ARCK1/ATCBL1/ATCBF1/ATMEK1/DREB2/ATSTP13/CBP60G/PDH2/AtCML37/CYP707A3/UBC33/AtDTX50/ATOXS3/ATEXO70B1/HAI1/AtRDUF2/ATMYB96/ATMYB44	65
GO:0048584	positive regulation of response to stimulus	62/1498	283/15408	0.21908127208480566	2.253407370015144	6.983757537294594	6.431099342335086e-10	2.4798946488370172e-8	2.191031791342403e-8	PLIP2/CTNIP1/ATEXO70B2/BON3/OSCA1.3/APK2A/IOS1/ABCG36/NA/NA/NA/NA/ERN1/RGLG5/TN11/SARD1/CML38/CAMTA3/ATGPA1/ATGSTU4/EVR/BIK1/PBL39/ATERF-4/CARK1/AtC2/MKS1/AtCERK1/LecRK-I.5/ANAC062/MYB77/ATPAD4/UGT73C7/ZAT18/ATEXO70H1/ATWRKY70/MIK2/ATCPK4/ARCK1/AtNUDT7/AtMORC7/XLG2/ATMYB73/AO/LecRK-VI.2/PBL40/AtGH3.12/SAG101/EFR/SZE1/CBP60G/RPS4/FLS2/ATWRKY8/ATERF-2/NA/ATEXO70B1/ATMYB96/LecRK-IX.2/APD9/MAPKKK5/ATMYB44	62
GO:0009751	response to salicylic acid	59/1498	189/15408	0.31216931216931215	3.210884353741496	10.035875216463362	1.2769378196214166e-16	8.777559534006346e-15	7.75513266195707e-15	MACP1/DREB26/PROSCOOP14/NSL1/GRX480/AtERF014/AtFBS1/ATNPR1/ATPP2-A5/STMP3/STMP4/STMP5/STMP7/PXMT1/ATOPR1/ATWAKL10/ATWRKY40/ATIRE1-2/AtS40.4/AP4.3A/ATHSPRO2/ATWRKY54/ATWRKY46/AT-SYR1/ATEDS1/HR4/AtBCS1/NA/ATSYP122/ATPAD4/ATWRKY70/BAP1/ATSYP42/CPK31/CHS4/CRK9/CRK19/CRK20/ATWRKY53/MACP2/NA/ATWRKY18/BT5/EDS5/DIV2/EDR4/NHL3/anac081/ATWRKY30/ARACIN2/ARACIN1/NHL25/PROSCOOP4/ATNPR3/AtS40-2/NDL1/BT1/LecRK-IX.2/ATMYB44	59
GO:0009966	regulation of signal transduction	55/1498	359/15408	0.1532033426183844	1.5758058097890966	3.6226037194438545	4.509133532163169e-4	0.006921301081893175	0.006115094733960681	RAS1/ATPUB18/MACP1/JAZ5/AtJAZ1/ATPUP14/NSL1/NA/IOS1/ABCG36/ATNPR1/RGLG5/NA/CML38/ATGPA1/ATWRKY54/ATWRKY46/ATERF-4/CARK1/AtC2/NA/JAV1/RIFP1/AuxRP3/ANAC062/MYB77/ATPAD4/ZAT18/PP2C.D4/ATWRKY70/ABCB21/ATCPK4/ARCK1/CHS4/ATWRKY53/MACP2/REN1/NA/NA/ATWRKY11/APD5/ERF109/BIG4/ATMYB73/AtGRDP2/CBP60G/ATNPR3/NA/ATEXO70B1/HAI1/ATMYB96/ABR1/AtARRE/APD9/ATMYB44	55
GO:0023051	regulation of signaling	55/1498	363/15408	0.15151515151515152	1.5584415584415585	3.533347321336714	5.927258111340714e-4	0.009010572186566989	0.007961003556426243	RAS1/ATPUB18/MACP1/JAZ5/AtJAZ1/ATPUP14/NSL1/NA/IOS1/ABCG36/ATNPR1/RGLG5/NA/CML38/ATGPA1/ATWRKY54/ATWRKY46/ATERF-4/CARK1/AtC2/NA/JAV1/RIFP1/AuxRP3/ANAC062/MYB77/ATPAD4/ZAT18/PP2C.D4/ATWRKY70/ABCB21/ATCPK4/ARCK1/CHS4/ATWRKY53/MACP2/REN1/NA/NA/ATWRKY11/APD5/ERF109/BIG4/ATMYB73/AtGRDP2/CBP60G/ATNPR3/NA/ATEXO70B1/HAI1/ATMYB96/ABR1/AtARRE/APD9/ATMYB44	55
GO:0010646	regulation of cell communication	55/1498	364/15408	0.1510989010989011	1.554160125588697	3.511200951055098	6.338946157137933e-4	0.009392283713341571	0.008298252596693808	RAS1/ATPUB18/MACP1/JAZ5/AtJAZ1/ATPUP14/NSL1/NA/IOS1/ABCG36/ATNPR1/RGLG5/NA/CML38/ATGPA1/ATWRKY54/ATWRKY46/ATERF-4/CARK1/AtC2/NA/JAV1/RIFP1/AuxRP3/ANAC062/MYB77/ATPAD4/ZAT18/PP2C.D4/ATWRKY70/ABCB21/ATCPK4/ARCK1/CHS4/ATWRKY53/MACP2/REN1/NA/NA/ATWRKY11/APD5/ERF109/BIG4/ATMYB73/AtGRDP2/CBP60G/ATNPR3/NA/ATEXO70B1/HAI1/ATMYB96/ABR1/AtARRE/APD9/ATMYB44	55
GO:0009753	response to jasmonic acid	53/1498	209/15408	0.2535885167464115	2.6083390293916606	7.682359380343213	4.051617152793653e-11	1.8301733481619329e-09	1.6169912666938882e-9	JAZ5/ATLOX3/AtPEPR2/AtJAZ1/OPCL1/DREB26/PROSCOOP14/GRX480/ATMYC2/5PTASE11/AtFBS1/ATNPR1/ATPP2-A5/STMP4/STMP5/At2-MMP/ATPEPR1/RGLG4/AtS40.4/AP4.3A/ATWRKY54/ATWRKY46/AtMDAR3/AT-SYR1/ATERF-4/NA/JAV1/AtERF#092/HR4/NA/ATSYP122/ATPAD4/ZAT18/ATWRKY70/ACS6/ChiC/AtBBE22/ANS/ATWRKY53/NA/ATWRKY11/AGB1/anac081/ATVSP2/ARACIN2/ARACIN1/ATNPR3/ATERF-2/NDL1/NA/ATWRKY51/ATPEP1/ATMYB44	53
GO:0070542	response to fatty acid	53/1498	213/15408	0.24882629107981222	2.559356136820926	7.5203169772744145	8.709859626170691e-11	3.8250800191599616e-9	3.379527404657459e-9	JAZ5/ATLOX3/AtPEPR2/AtJAZ1/OPCL1/DREB26/PROSCOOP14/GRX480/ATMYC2/5PTASE11/AtFBS1/ATNPR1/ATPP2-A5/STMP4/STMP5/At2-MMP/ATPEPR1/RGLG4/AtS40.4/AP4.3A/ATWRKY54/ATWRKY46/AtMDAR3/AT-SYR1/ATERF-4/NA/JAV1/AtERF#092/HR4/NA/ATSYP122/ATPAD4/ZAT18/ATWRKY70/ACS6/ChiC/AtBBE22/ANS/ATWRKY53/NA/ATWRKY11/AGB1/anac081/ATVSP2/ARACIN2/ARACIN1/ATNPR3/ATERF-2/NDL1/NA/ATWRKY51/ATPEP1/ATMYB44	53
GO:0002682	regulation of immune system process	49/1498	151/15408	0.32450331125827814	3.337748344370861	9.473338191630454	9.049641695430567e-15	5.299067970546566e-13	4.681822428786107e-13	CTNIP1/OSCA1.3/SOC3/PAPS1/RKFL1/AtERF014/NILR2/NA/IGP4/ABCG36/NA/NA/NA/NA/ERN1/ZRK12/TN11/AtPUB12/BIK1/PBL39/AT-SYR1/ATERF-4/MKS1/AtCERK1/NA/AtRIN4/BIR2/LecRK-I.5/ZAR1/ATSYP122/UGT73C7/ATWRKY70/ZED1/AtNUDT7/XLG2/LecRK-VI.2/NA/PBL40/IDL6/AtGILP/AtGH3.12/EFR/SZE1/PBL13/RPS4/FLS2/ATERF-2/LecRK-IX.2/MAPKKK5	49
GO:0050776	regulation of immune response	49/1498	151/15408	0.32450331125827814	3.337748344370861	9.473338191630454	9.049641695430567e-15	5.299067970546566e-13	4.681822428786107e-13	CTNIP1/OSCA1.3/SOC3/PAPS1/RKFL1/AtERF014/NILR2/NA/IGP4/ABCG36/NA/NA/NA/NA/ERN1/ZRK12/TN11/AtPUB12/BIK1/PBL39/AT-SYR1/ATERF-4/MKS1/AtCERK1/NA/AtRIN4/BIR2/LecRK-I.5/ZAR1/ATSYP122/UGT73C7/ATWRKY70/ZED1/AtNUDT7/XLG2/LecRK-VI.2/NA/PBL40/IDL6/AtGILP/AtGH3.12/EFR/SZE1/PBL13/RPS4/FLS2/ATERF-2/LecRK-IX.2/MAPKKK5	49
GO:0009626	plant-type hypersensitive response	48/1498	103/15408	0.46601941747572817	4.793342579750347	12.675800469139205	3.9198581367060208e-22	4.426639795808728e-20	3.911016351435255e-20	AtCRT3/MACP1/NSL1/ATPUB17/CAD1/ABCG36/TN11/ATSERK4/PLA/RPM1/AT-SYR1/NDR1/AtCERK1/AtRIN4/ATEDS1/AtBCS1/ATSYP122/ATPAD4/ATCHITIV/CRK31/CRK32/CRK34/AtNUDT7/CHS4/CRK6/CRK7/CRK8/CRK10/AT-RLK3/CRK12/CRK13/CRK15/CRK17/CRK19/CRK20/CRK23/MACP2/RPS2/ATBAK1/XLG2/AtGILP/AtGH3.12/EFR/LAZ5/ATNPR3/RPS4/BIR1/LecRK-IX.2	48
GO:0034050	symbiont-induced defense-related programmed cell death	48/1498	104/15408	0.46153846153846156	4.747252747252748	12.582836711949206	6.605956591201782e-22	6.962678247126679e-20	6.151652208087554e-20	AtCRT3/MACP1/NSL1/ATPUB17/CAD1/ABCG36/TN11/ATSERK4/PLA/RPM1/AT-SYR1/NDR1/AtCERK1/AtRIN4/ATEDS1/AtBCS1/ATSYP122/ATPAD4/ATCHITIV/CRK31/CRK32/CRK34/AtNUDT7/CHS4/CRK6/CRK7/CRK8/CRK10/AT-RLK3/CRK12/CRK13/CRK15/CRK17/CRK19/CRK20/CRK23/MACP2/RPS2/ATBAK1/XLG2/AtGILP/AtGH3.12/EFR/LAZ5/ATNPR3/RPS4/BIR1/LecRK-IX.2	48
GO:0031349	positive regulation of defense response	46/1498	129/15408	0.35658914728682173	3.6677740863787376	9.984994324580654	1.0534010117108412e-15	6.939279164645166e-14	6.130978695352133e-14	PLIP2/CTNIP1/ATEXO70B2/BON3/OSCA1.3/APK2A/IOS1/ABCG36/NA/NA/NA/NA/ERN1/TN11/SARD1/CAMTA3/ATGSTU4/EVR/BIK1/PBL39/ATERF-4/AtC2/MKS1/AtCERK1/LecRK-I.5/ATPAD4/UGT73C7/ATEXO70H1/ATWRKY70/MIK2/ARCK1/AtNUDT7/AtMORC7/XLG2/AO/LecRK-VI.2/PBL40/AtGH3.12/SAG101/EFR/SZE1/RPS4/FLS2/ATERF-2/LecRK-IX.2/MAPKKK5	46
GO:0045088	regulation of innate immune response	43/1498	138/15408	0.3115942028985507	3.2049689440993787	8.538348652063856	1.8744064000292403e-12	9.260739120144466e-11	8.182030568548691e-11	CTNIP1/OSCA1.3/SOC3/PAPS1/RKFL1/AtERF014/NILR2/NA/IGP4/ABCG36/NA/NA/NA/NA/ERN1/TN11/BIK1/PBL39/AT-SYR1/ATERF-4/MKS1/AtCERK1/NA/AtRIN4/BIR2/LecRK-I.5/ATSYP122/UGT73C7/ATWRKY70/AtNUDT7/XLG2/LecRK-VI.2/NA/PBL40/IDL6/AtGILP/AtGH3.12/EFR/RPS4/FLS2/ATERF-2/LecRK-IX.2/MAPKKK5	43
GO:0002239	response to oomycetes	42/1498	102/15408	0.4117647058823529	4.235294117647059	10.758070412987825	4.39213490849644e-17	3.1563478592422144e-15	2.788690441901807e-15	NA/ATEXO70B2/LecRK-S.1/IOS1/ADR2/ABCG36/LecRK-V.2/SARD1/ATGSTF3/VLG/AP4.3A/NA/PIC30/AtHIR2/AtRLP30/NA/cog1/LecRK-I.1/LecRK-I.5/LecRK-IV.2/ATWRKY70/ATHLECRK/NA/AtLPK1/LecRK-VII.1/ARCK1/CHS4/AtMORC7/LecRK-VII.2/LecRK-V.9/ATBAK1/NA/NA/LecRK-VI.2/LecRK-VI.3/LecRK-VI.4/SAG101/ATBCB/CBP60G/ANQ1/LecRK-I.7/LecRK-IX.2	42
GO:0002833	positive regulation of response to biotic stimulus	41/1498	121/15408	0.33884297520661155	3.485242030696576	9.00640816795633	2.732759130573563e-13	1.393707156592517e-11	1.2313654893959655e-11	CTNIP1/ATEXO70B2/OSCA1.3/APK2A/IOS1/ABCG36/NA/NA/NA/NA/ERN1/TN11/SARD1/CAMTA3/ATGSTU4/BIK1/PBL39/ATERF-4/AtC2/MKS1/AtCERK1/LecRK-I.5/ATPAD4/UGT73C7/ATEXO70H1/ATWRKY70/AtNUDT7/AtMORC7/XLG2/AO/LecRK-VI.2/PBL40/AtGH3.12/SAG101/EFR/SZE1/RPS4/FLS2/ATERF-2/LecRK-IX.2/MAPKKK5	41
GO:0032103	positive regulation of response to external stimulus	41/1498	121/15408	0.33884297520661155	3.485242030696576	9.00640816795633	2.732759130573563e-13	1.393707156592517e-11	1.2313654893959655e-11	CTNIP1/ATEXO70B2/OSCA1.3/APK2A/IOS1/ABCG36/NA/NA/NA/NA/ERN1/TN11/SARD1/CAMTA3/ATGSTU4/BIK1/PBL39/ATERF-4/AtC2/MKS1/AtCERK1/LecRK-I.5/ATPAD4/UGT73C7/ATEXO70H1/ATWRKY70/AtNUDT7/AtMORC7/XLG2/AO/LecRK-VI.2/PBL40/AtGH3.12/SAG101/EFR/SZE1/RPS4/FLS2/ATERF-2/LecRK-IX.2/MAPKKK5	41
GO:0019748	secondary metabolic process	41/1498	219/15408	0.1872146118721461	1.9256360078277885	4.527402329172719	3.0386750645322027e-5	6.239149710422614e-4	5.512401655002369e-4	ATGST11/ATGST1/ATGSTF5/ATPCS2/ATPUB44/ERF58/ATGSTU13/ABCG36/BGLU46/NHL6/CCOAMT/ATGSTU12/ATGSTU11/ATMKK9/ATGSTU10/ATCCR2/ATGSTF3/ATGSTU4/ATWRKY33/AtPRX25/ANAC042/ATGSTF5/CLI1/4CL5/ATMAPK3/ABCG27/ATPAD4/UGT73C7/ATWRKY70/ATGSTF13/MWL-2/ANS/AR2/GGP1/CYP82C4/AtPCBER1/DIV2/ATBCB/ARA8/ATMYB96/AtPRX71	41
GO:0071215	cellular response to abscisic acid stimulus	38/1498	230/15408	0.16521739130434782	1.6993788819875775	3.5068770604594772	7.97382996957313e-4	0.011156305470703645	0.009856797736025658	UGT74E2/RAS1/ATPUB18/LRK10L1.1/ATCDPK1/IOS1/NF-YA5/ARK1/RGLG5/AtRPK1/ATCPK30/NA/ATCDPK3/ATGPA1/AtS40.4/AP2C1/ATHPP2C5/ATPUB9/CARK1/AtC2/RIFP1/ATMAPK3/ATCPK32/EDL3/NA/ATCPK4/ARCK1/ATCBL1/LecRK-VI.2/LecRK-VI.3/LecRK-VI.4/CBP60G/NA/ATEXO70B1/HAI1/ATMYB96/ABR1/AtARRE	38
GO:0097306	cellular response to alcohol	38/1498	230/15408	0.16521739130434782	1.6993788819875775	3.5068770604594772	7.97382996957313e-4	0.011156305470703645	0.009856797736025658	UGT74E2/RAS1/ATPUB18/LRK10L1.1/ATCDPK1/IOS1/NF-YA5/ARK1/RGLG5/AtRPK1/ATCPK30/NA/ATCDPK3/ATGPA1/AtS40.4/AP2C1/ATHPP2C5/ATPUB9/CARK1/AtC2/RIFP1/ATMAPK3/ATCPK32/EDL3/NA/ATCPK4/ARCK1/ATCBL1/LecRK-VI.2/LecRK-VI.3/LecRK-VI.4/CBP60G/NA/ATEXO70B1/HAI1/ATMYB96/ABR1/AtARRE	38
GO:0000302	response to reactive oxygen species	36/1498	162/15408	0.2222222222222222	2.2857142857142856	5.398528543503269	1.718668611810364e-6	4.528691792120309e-5	4.001181136618163e-5	UGT74E2/ATMC8/HUP35/HSP17.6A/ASG6/ATLOX4/ATGPA1/ATWRKY54/HRG1/NA/IDL7/ATWI-12/NA/ATEDS1/ATWRKY70/AtLEA5/RMG1/AtNUDT7/ATERF6/AT-HSFA4A/CHS4/CRK6/CRK7/ATWRKY53/ATMEK1/BT5/IDL6/DREB2/ATWRKY30/ARACIN2/ARACIN1/AtCML24/AtCML37/ATWRKY8/CRCK1/BT1	36
GO:0071407	cellular response to organic cyclic compound	34/1498	159/15408	0.2138364779874214	2.1994609164420487	4.989021370942335	8.062974716520123e-6	1.7954314122279314e-4	1.5862961377052936e-4	MACP1/NSL1/GRX480/ATMYC2/AtERF014/ABCG36/ATNPR1/ATPP2-A5/CML38/ATSERK4/CAMTA3/AP4.3A/ATWRKY54/ATWRKY46/AT-SYR1/NA/ATEDS1/AtBCS1/ATSYP122/ATPAD4/ATWRKY70/ATSYP42/EXO/ABS1/BEH3/CHS4/MACP2/NA/ATBAK1/EDR4/NHL25/ATNPR3/LecRK-IX.2/ATMYB44	34
GO:0009723	response to ethylene	33/1498	177/15408	0.1864406779661017	1.917675544794189	4.029609534133442	1.8892321061360893e-4	0.0031440799576854285	0.002777851528911458	PROSCOOP14/ASB1/ATERF11/ATWRKY71/XLG3/ATERF-8/STMP3/STMP4/STMP5/IDA/ATMKK9/ATERF15/NA/ATWRKY54/ATERF13/ATERF-4/NA/AtERF98/AtERF#092/HR4/NA/ATPAD4/ATWRKY70/AtLEA5/ACS6/ATERF6/CHS4/AGB1/ARACIN2/SUPER1/ATERF-2/ATERF-5/ATPEP1	33
GO:0009738	abscisic acid-activated signaling pathway	33/1498	198/15408	0.16666666666666666	1.7142857142857142	3.319642647931873	0.0014674571063285381	0.0190168006975854	0.01680168749006014	RAS1/ATPUB18/ATCDPK1/IOS1/NF-YA5/RGLG5/AtRPK1/ATCPK30/NA/ATCDPK3/ATGPA1/AtS40.4/AP2C1/ATHPP2C5/CARK1/AtC2/RIFP1/ATMAPK3/ATCPK32/EDL3/ATCPK4/ARCK1/ATCBL1/LecRK-VI.2/LecRK-VI.3/LecRK-VI.4/CBP60G/NA/ATEXO70B1/HAI1/ATMYB96/ABR1/AtARRE	33
GO:1901698	response to nitrogen compound	32/1498	183/15408	0.17486338797814208	1.7985948477751756	3.5663567234529925	7.551690380442604e-4	0.01085383862861796	0.00958956280846635	AtCRT3/NA/STZ/ATMYC2/IOS1/ABCG36/AtFBS1/ATNPR1/DUF569/CAMTA3/AtLYK4/NA/AtLYK5/ATL2G/ZAT11/ATWRKY46/NA/NA/ATCNGC19/AtCERK1/ATNRT2.6/ATMAPK3/ZAT8/ZAT7/ZAT18/GRXC11/ARAKIN/ATCIPK8/AGB1/AtRLP52/UBC33/AtZAT12	32
GO:0090693	plant organ senescence	31/1498	167/15408	0.18562874251497005	1.9093242087254063	3.877230677961331	3.1565240766278133e-4	0.005040873298129871	0.004453702764152163	DA1/ATPUB44/ATWRKY71/CLE14/At2-MMP/ATMKK9/ATOPR1/ATSERK4/CAMTA3/AtS40.4/ATNHL10/ATMLO12/ATWRKY54/ANAC042/ATWI-12/AtDMP1/AT-TCP20/ATPAD4/ATWRKY70/AtWRKY22/AtLEA5/ATWRKY28/ATWRKY53/DMP3/AtLAP2/ATCPK1/anac081/SAG101/ATWRKY30/AtS40-2/HAI1	31
GO:0042430	indole-containing compound metabolic process	29/1498	81/15408	0.35802469135802467	3.6825396825396823	7.943492116565437	1.8368692695091084e-10	7.848892743497028e-9	6.9346387500386545e-9	UGT74E2/AtMYB51/IGMT1/IGMT2/NA/NA/ASB1/ATGSTU13/ATMYC2/ABCG36/ATMKK9/ATGSTU4/ATWRKY33/ATHSPRO2/ANAC042/BGLU26/ATMAPK3/ATPAD4/NA/ATWRKY70/MIK2/LACS4/GGP1/CYCLASE1/ERF109/ARA8/PROSCOOP12/ATTSB1/CYP81F2	29
GO:0002684	positive regulation of immune system process	29/1498	83/15408	0.3493975903614458	3.593803786574871	7.775481770067298	3.6015278401490925e-10	1.4235038788189287e-8	1.2576914325994331e-8	CTNIP1/OSCA1.3/ABCG36/NA/NA/NA/NA/ERN1/TN11/BIK1/PBL39/ATERF-4/MKS1/AtCERK1/LecRK-I.5/UGT73C7/ATWRKY70/AtNUDT7/XLG2/LecRK-VI.2/PBL40/AtGH3.12/EFR/SZE1/RPS4/FLS2/ATERF-2/LecRK-IX.2/MAPKKK5	29
GO:0050778	positive regulation of immune response	29/1498	83/15408	0.3493975903614458	3.593803786574871	7.775481770067298	3.6015278401490925e-10	1.4235038788189287e-8	1.2576914325994331e-8	CTNIP1/OSCA1.3/ABCG36/NA/NA/NA/NA/ERN1/TN11/BIK1/PBL39/ATERF-4/MKS1/AtCERK1/LecRK-I.5/UGT73C7/ATWRKY70/AtNUDT7/XLG2/LecRK-VI.2/PBL40/AtGH3.12/EFR/SZE1/RPS4/FLS2/ATERF-2/LecRK-IX.2/MAPKKK5	29
GO:0046777	protein autophosphorylation	29/1498	112/15408	0.25892857142857145	2.663265306122449	5.797396253861796	6.455986518903027e-7	1.759812876963049e-5	1.5548265173474258e-5	PEPKR1/WAKL2/CRPK1/ATCDPK1/ARK1/ARK2/NA/ASG6/ATMKK9/ATMPK17/ATCDPK3/ATIRE1-2/MAPKKK14/NA/BIK1/ATPI4K/AtCERK1/ATPERK1/ATHLECRK/ARAKIN/CRK17/ATCIPK8/SD2-5/AtPERK5/ATCPK1/NA/SZE1/LRK10L3/MAPKKK5	29
GO:0010150	leaf senescence	29/1498	159/15408	0.18238993710691823	1.8760107816711589	3.6436672933848517	6.533415830443013e-4	0.009494852986148964	0.008388874405019925	DA1/ATPUB44/ATWRKY71/CLE14/At2-MMP/ATMKK9/ATOPR1/ATSERK4/CAMTA3/AtS40.4/ATNHL10/ATMLO12/ATWRKY54/ANAC042/ATWI-12/AT-TCP20/ATPAD4/ATWRKY70/AtWRKY22/AtLEA5/ATWRKY28/ATWRKY53/AtLAP2/ATCPK1/anac081/SAG101/ATWRKY30/AtS40-2/HAI1	29
GO:0045089	positive regulation of innate immune response	28/1498	80/15408	0.35	3.5999999999999996	7.651154619703733	6.91027317781379e-10	2.6012242605056197e-8	2.29822869848594e-8	CTNIP1/OSCA1.3/ABCG36/NA/NA/NA/NA/ERN1/TN11/BIK1/PBL39/ATERF-4/MKS1/AtCERK1/LecRK-I.5/UGT73C7/ATWRKY70/AtNUDT7/XLG2/LecRK-VI.2/PBL40/AtGH3.12/EFR/RPS4/FLS2/ATERF-2/LecRK-IX.2/MAPKKK5	28
GO:0009636	response to toxic substance	28/1498	164/15408	0.17073170731707318	1.75609756097561	3.194491037863672	0.002252534939165981	0.02637968695423271	0.023306930715580952	ATGST11/ATGST1/ATGSTF5/ATPCS2/ATGSTU13/ABCG36/NA/NA/NA/NA/NA/DIN9/ATGSTU12/ATGSTU11/ATGSTU10/ATGSTF3/ATDTX1/ATGSTU4/AtPRX25/ATGSTF5/LSU1/ATGSTF13/NA/NA/AtDTX28/ARA8/AtDTX50/AtPRX71	28
GO:0002229	defense response to oomycetes	27/1498	78/15408	0.34615384615384615	3.5604395604395602	7.439472377528712	1.8418153866110306e-9	6.330239404852259e-8	5.5928810481300634e-8	ATEXO70B2/LecRK-S.1/IOS1/ADR2/ABCG36/LecRK-V.2/SARD1/AP4.3A/LecRK-I.1/LecRK-I.5/LecRK-IV.2/ATWRKY70/ATHLECRK/AtLPK1/LecRK-VII.1/AtMORC7/LecRK-VII.2/LecRK-V.9/ATBAK1/LecRK-VI.2/LecRK-VI.3/LecRK-VI.4/SAG101/CBP60G/ANQ1/LecRK-I.7/LecRK-IX.2	27
GO:0071395	cellular response to jasmonic acid stimulus	27/1498	101/15408	0.26732673267326734	2.7496463932107496	5.78918348609959	7.880011514067003e-7	2.1115759667355815e-5	1.8656155716622504e-5	JAZ5/AtJAZ1/GRX480/ATMYC2/ATNPR1/ATPP2-A5/RGLG4/AP4.3A/ATWRKY54/ATWRKY46/AT-SYR1/ATERF-4/NA/JAV1/AtERF#092/ATSYP122/ATPAD4/ZAT18/ATWRKY70/ATWRKY53/NA/ATWRKY11/AGB1/ATNPR3/ATERF-2/ATWRKY51/ATMYB44	27
GO:0071398	cellular response to fatty acid	27/1498	105/15408	0.2571428571428571	2.644897959183673	5.550047565355403	1.7993055741213772e-6	4.588229214009512e-5	4.053783526076515e-5	JAZ5/AtJAZ1/GRX480/ATMYC2/ATNPR1/ATPP2-A5/RGLG4/AP4.3A/ATWRKY54/ATWRKY46/AT-SYR1/ATERF-4/NA/JAV1/AtERF#092/ATSYP122/ATPAD4/ZAT18/ATWRKY70/ATWRKY53/NA/ATWRKY11/AGB1/ATNPR3/ATERF-2/ATWRKY51/ATMYB44	27
GO:0098754	detoxification	27/1498	144/15408	0.1875	1.9285714285714286	3.673785256817217	6.356574050142619e-4	0.009392283713341571	0.008298252596693808	ATGST11/ATGST1/ATGSTF5/ATPCS2/ATGSTU13/ABCG36/NA/NA/NA/NA/NA/ATGSTU12/ATGSTU11/ATGSTU10/ATGSTF3/ATDTX1/ATGSTU4/AtPRX25/ATGSTF5/LSU1/ATGSTF13/NA/NA/AtDTX28/ARA8/AtDTX50/AtPRX71	27
GO:0140352	export from cell	27/1498	147/15408	0.1836734693877551	1.8892128279883382	3.5548745025419723	8.828093952038051e-4	0.012243172401905403	0.010817064334584021	ATEXO70B2/KEU/B1L/ABCG36/NA/NA/NA/NA/ATDTX1/ATEXO70H2/ATEXO70H4/AT-SYR1/ATEXO70D3/ATEXO70E1/ATSYP122/ATEXO70H1/ABCB21/ATSYP42/SEC15B/ATSEC1B/NA/NA/ATEXO70C2/AtDTX28/AtDTX50/ATEXO70B1/ATEXO70H7	27
GO:0002253	activation of immune response	25/1498	67/15408	0.373134328358209	3.8379530916844353	7.639539172263287	1.2046702159232981e-9	4.429264212499382e-8	3.913335071065402e-8	CTNIP1/OSCA1.3/ABCG36/NA/NA/NA/NA/ERN1/BIK1/PBL39/ATERF-4/MKS1/AtCERK1/LecRK-I.5/ATWRKY70/AtNUDT7/LecRK-VI.2/PBL40/EFR/SZE1/RPS4/FLS2/ATERF-2/LecRK-IX.2/MAPKKK5	25
GO:0009867	jasmonic acid mediated signaling pathway	25/1498	98/15408	0.25510204081632654	2.6239067055393583	5.2922201326677625	5.012590632048635e-6	1.1828217595923719e-4	1.045044425566149e-4	JAZ5/AtJAZ1/GRX480/ATMYC2/ATNPR1/ATPP2-A5/RGLG4/ATWRKY54/ATWRKY46/AT-SYR1/ATERF-4/JAV1/AtERF#092/ATSYP122/ATPAD4/ZAT18/ATWRKY70/ATWRKY53/NA/ATWRKY11/AGB1/ATNPR3/ATERF-2/ATWRKY51/ATMYB44	25
GO:0042180	cellular ketone metabolic process	25/1498	134/15408	0.1865671641791045	1.9189765458422177	3.506160691657634	0.0010674790062966304	0.014424652213290364	0.012744441217774436	GLX2-4/ATPUB44/ERF58/NSL1/CAD1/ATMYC2/DHNAT1/NHL6/SARD1/ATHSPRO2/ATCAMBP25/PBL39/ABCG27/ATPAD4/NA/CHS4/CBP60f/CYCLASE1/ERF109/PBL40/DIV2/CBP60G/CBP60b/ATMYB96/CBP60a	25
GO:0002218	activation of innate immune response	24/1498	64/15408	0.375	3.857142857142857	7.516298698813309	2.2939983643259435e-9	7.71662002978578e-8	6.817773414245301e-8	CTNIP1/OSCA1.3/ABCG36/NA/NA/NA/NA/ERN1/BIK1/PBL39/ATERF-4/MKS1/AtCERK1/LecRK-I.5/ATWRKY70/AtNUDT7/LecRK-VI.2/PBL40/EFR/RPS4/FLS2/ATERF-2/LecRK-IX.2/MAPKKK5	24
GO:0007166	cell surface receptor signaling pathway	23/1498	50/15408	0.46	4.731428571428571	8.67249755548887	3.609586712898016e-11	1.6784578214975774e-9	1.4829478538748197e-9	WAKL6/WAKL1/WAKL2/WAKL4/WAKL5/WAK4/WAK5/ZRK14/ARK2/ZRK12/NA/RFO1/ATWAKL10/NA/AtCERK1/ZRK15/ZRK3/ZED1/ZRK6/ARO3/ADR1-L2/MDIS1/NA	23
GO:0071446	cellular response to salicylic acid stimulus	23/1498	75/15408	0.30666666666666664	3.1542857142857144	6.137220801192546	3.6235744762243393e-7	1.04161295398376e-5	9.202838908994639e-6	MACP1/NSL1/GRX480/AtERF014/ATNPR1/ATPP2-A5/AP4.3A/ATWRKY54/AT-SYR1/ATEDS1/AtBCS1/ATSYP122/ATPAD4/ATWRKY70/ATSYP42/CHS4/MACP2/NA/EDR4/NHL25/ATNPR3/LecRK-IX.2/ATMYB44	23
GO:0002237	response to molecule of bacterial origin	22/1498	50/15408	0.44	4.525714285714286	8.194381304344	2.819829910581943e-10	1.1731976549026453e-8	1.0365413549424483e-8	ATEXO70B2/CRPK1/IOS1/ALA3/ABCG36/SARD1/ATWRKY40/VLG/AtLYK4/BIK1/AtRLP30/AtCERK1/AtRIN4/AtBCS1/ATEXO70H1/PBL1/MIK2/CRK13/ATMEK1/ATWRKY18/ANAC091/CBP60G	22
GO:0002757	immune response-activating signaling pathway	22/1498	54/15408	0.4074074074074074	4.190476190476191	7.707135646941859	1.6905648438529323e-9	5.939517818069969e-8	5.2476714568253595e-8	CTNIP1/OSCA1.3/ABCG36/NA/NA/NA/NA/ERN1/BIK1/PBL39/MKS1/AtCERK1/LecRK-I.5/AtNUDT7/LecRK-VI.2/PBL40/EFR/SZE1/RPS4/FLS2/LecRK-IX.2/MAPKKK5	22
GO:0002764	immune response-regulating signaling pathway	22/1498	54/15408	0.4074074074074074	4.190476190476191	7.707135646941859	1.6905648438529323e-9	5.939517818069969e-8	5.2476714568253595e-8	CTNIP1/OSCA1.3/ABCG36/NA/NA/NA/NA/ERN1/BIK1/PBL39/MKS1/AtCERK1/LecRK-I.5/AtNUDT7/LecRK-VI.2/PBL40/EFR/SZE1/RPS4/FLS2/LecRK-IX.2/MAPKKK5	22
GO:0009863	salicylic acid mediated signaling pathway	22/1498	69/15408	0.3188405797101449	3.279503105590062	6.227555301760854	3.038951027574782e-7	8.89737328628839e-6	7.86099027990592e-6	MACP1/NSL1/GRX480/AtERF014/ATNPR1/ATPP2-A5/ATWRKY54/AT-SYR1/ATEDS1/AtBCS1/ATSYP122/ATPAD4/ATWRKY70/ATSYP42/CHS4/MACP2/NA/EDR4/NHL25/ATNPR3/LecRK-IX.2/ATMYB44	22
GO:0043067	regulation of programmed cell death	22/1498	92/15408	0.2391304347826087	2.459627329192547	4.608022638527204	5.343894933351592e-5	0.0010057973678129603	8.886401725009478e-4	ATMC1/BON3/TN11/AMC6/EVR/AT-SYR1/AtCERK1/AtRIN4/AGC2/ATERF#011/ATSYP122/ACA11/CHS4/CYCLASE1/XLG2/ATCPK1/ATL55/AtGILP/AtGH3.12/NRP/ATRBOHD/ANAC104	22
GO:0002758	innate immune response-activating signaling pathway	21/1498	52/15408	0.40384615384615385	4.153846153846154	7.475745489523444	4.793731849908923e-9	1.5789354280637513e-7	1.3950180186028819e-7	CTNIP1/OSCA1.3/ABCG36/NA/NA/NA/NA/ERN1/BIK1/PBL39/MKS1/AtCERK1/LecRK-I.5/AtNUDT7/LecRK-VI.2/PBL40/EFR/RPS4/FLS2/LecRK-IX.2/MAPKKK5	21
GO:1900424	regulation of defense response to bacterium	20/1498	56/15408	0.35714285714285715	3.673469387755102	6.577155825220662	1.276320176496459e-7	3.880504228924811e-6	3.4284956967829985e-6	ATEXO70B2/APK2A/IOS1/ATNPR1/SARD1/BIK1/AtC2/BIR2/ATPAD4/ATEXO70H1/PBL1/ATHLECRK/SAG101/SZE1/CML46/PROSCOOP12/CBP60a/LecRK-IX.2/CPK28/MAPKKK5	20
GO:0010565	regulation of cellular ketone metabolic process	20/1498	85/15408	0.23529411764705882	2.4201680672268906	4.308525704331988	1.4599232447382472e-4	0.00248186951605502	0.0021927766222610686	ATPUB44/ERF58/NSL1/CAD1/ATMYC2/NHL6/SARD1/ATCAMBP25/PBL39/ABCG27/ATPAD4/CHS4/CBP60f/ERF109/PBL40/DIV2/CBP60G/CBP60b/ATMYB96/CBP60a	20
GO:0031348	negative regulation of defense response	19/1498	75/15408	0.25333333333333335	2.605714285714286	4.574427175424683	7.374298643295222e-5	0.0013556704831453193	0.0011977594002022963	ATMLO2/PAPS1/IOS1/ABCG36/ATNPR1/AT-SYR1/NA/AtRIN4/BIR2/ATSYP122/ATPAD4/ATHLECRK/BAP1/EDS5/AtGILP/CML46/BIR1/CBP60a/CPK28	19
GO:0141124	intracellular signaling cassette	19/1498	99/15408	0.1919191919191919	1.974025974025974	3.190554055275538	0.002903300463246012	0.03302243188771183	0.029175916052460872	ATMEK4/ATGLR2.9/ATGLR2.8/ATWL2/ATGLR1.1/ATCML9/ARAKIN/ATMPK5/RALFL28/RALF33/ATCBL1/REN1/ATMEK1/BIG4/ATGLR2.5/ATGLR1.2/ATGLR1.3/ATWRKY27/MAPKKK5	19
GO:0002221	pattern recognition receptor signaling pathway	18/1498	40/15408	0.45	4.628571428571429	7.540642983216243	7.651897734320913e-9	2.46890822815538e-7	2.1813250898912677e-7	CTNIP1/OSCA1.3/ABCG36/NA/NA/NA/NA/ERN1/BIK1/PBL39/AtCERK1/LecRK-I.5/LecRK-VI.2/PBL40/EFR/FLS2/LecRK-IX.2/MAPKKK5	18
GO:0042435	indole-containing compound biosynthetic process	18/1498	55/15408	0.32727272727272727	3.3662337662337665	5.768909821744429	2.3466086347710624e-6	5.79685664308289e-5	5.121627727534869e-5	AtMYB51/NA/NA/ASB1/ATMYC2/ATMKK9/ATGSTU4/ATWRKY33/ANAC042/ATMAPK3/ATPAD4/ATWRKY70/MIK2/LACS4/GGP1/PROSCOOP12/ATTSB1/CYP81F2	18
GO:0009404	toxin metabolic process	18/1498	58/15408	0.3103448275862069	3.1921182266009853	5.488771646942277	5.519738031727598e-6	1.2833390923766666e-4	1.1338533077558086e-4	ATGST11/ATGST1/ATGSTF5/ATGSTU13/ATGSTU12/ATGSTU11/ATMKK9/ATGSTU10/ATGSTF3/ATGSTU4/ATWRKY33/ANAC042/ATGSTF5/ATMAPK3/ATPAD4/ATWRKY70/ATGSTF13/GGP1	18
GO:0010200	response to chitin	17/1498	21/15408	0.8095238095238095	8.326530612244898	11.02509707277946	2.3328695086491462e-14	1.3172381047051072e-12	1.163803698487751e-12	STZ/IOS1/ABCG36/AtLYK4/NA/AtLYK5/ATL2G/ZAT11/NA/NA/AtCERK1/ATMAPK3/ZAT8/ZAT7/ZAT18/AtRLP52/AtZAT12	17
GO:0042542	response to hydrogen peroxide	17/1498	74/15408	0.22972972972972974	2.362934362934363	3.8566875394261255	6.028386989190279e-4	0.009077028409437934	0.008019718831734838	UGT74E2/ATMC8/HSP17.6A/HRG1/IDL7/ATWRKY53/ATMEK1/BT5/IDL6/DREB2/ATWRKY30/ARACIN2/ARACIN1/AtCML24/ATWRKY8/CRCK1/BT1	17
GO:0009627	systemic acquired resistance	17/1498	80/15408	0.2125	2.1857142857142855	3.4892628210736802	0.001524837708446467	0.0195997432280802	0.017316727763016362	ILL5/ABCG36/ATNPR1/SARD1/ATWRKY33/NIMIN-2/ATEDS1/ATPAD4/ATWRKY70/CHS4/CRK9/NA/AtGH3.12/CBP60G/ATNPR3/AtLTP4.5/LecRK-IX.2	17
GO:0071369	cellular response to ethylene stimulus	17/1498	81/15408	0.20987654320987653	2.1587301587301586	3.43121257106081	0.0017585870421011885	0.02155291560900759	0.01904239090059794	ATERF11/ATERF-8/ATMKK9/ATERF15/NA/ATWRKY54/ATERF13/ATERF-4/NA/AtERF98/AtERF#092/ATPAD4/ATWRKY70/ATERF6/CHS4/ATERF-2/ATERF-5	17
GO:0052545	callose localization	16/1498	44/15408	0.36363636363636365	3.74025974025974	5.973340918519729	1.7483641436988953e-6	4.531415919980251e-5	4.003587952870465e-5	AtMYB51/ATGSTU13/NSL1/IOS1/IGP4/ABCG36/ASG6/bHLH091/BGLU26/ATEXO70E1/NA/ARA8/FLS2/CYP81F2/ATEXO70B1/MAPKKK5	16
GO:0033037	polysaccharide localization	16/1498	47/15408	0.3404255319148936	3.501519756838906	5.636305238393608	4.757034285760593e-6	1.139525940270833e-4	1.0067917858380077e-4	AtMYB51/ATGSTU13/NSL1/IOS1/IGP4/ABCG36/ASG6/bHLH091/BGLU26/ATEXO70E1/NA/ARA8/FLS2/CYP81F2/ATEXO70B1/MAPKKK5	16
GO:0032940	secretion by cell	16/1498	69/15408	0.2318840579710145	2.3850931677018634	3.7840458645576858	7.74800385724904e-4	0.011035670358838498	0.009750214432024161	ATEXO70B2/KEU/B1L/ATEXO70H2/ATEXO70H4/AT-SYR1/ATEXO70D3/ATEXO70E1/ATSYP122/ATEXO70H1/ATSYP42/SEC15B/ATSEC1B/ATEXO70C2/ATEXO70B1/ATEXO70H7	16
GO:0006816	calcium ion transport	16/1498	74/15408	0.21621621621621623	2.223938223938224	3.4633709631673706	0.0017129308647800935	0.021157372634510375	0.01869292152601303	ACA1/ATGLR2.9/ATGLR2.8/ATGLR1.1/ACA13/ACA11/MICU/ACA2/ATPLC1/ATCAX4/ATGLR2.5/BICAT3/ATGLR1.2/ATGLR1.3/ATCNGC1/cMCU	16
GO:0009873	ethylene-activated signaling pathway	16/1498	74/15408	0.21621621621621623	2.223938223938224	3.4633709631673706	0.0017129308647800935	0.021157372634510375	0.01869292152601303	ATERF11/ATERF-8/ATMKK9/ATERF15/NA/ATWRKY54/ATERF13/ATERF-4/AtERF98/AtERF#092/ATPAD4/ATWRKY70/ATERF6/CHS4/ATERF-2/ATERF-5	16
GO:0046903	secretion	16/1498	74/15408	0.21621621621621623	2.223938223938224	3.4633709631673706	0.0017129308647800935	0.021157372634510375	0.01869292152601303	ATEXO70B2/KEU/B1L/ATEXO70H2/ATEXO70H4/AT-SYR1/ATEXO70D3/ATEXO70E1/ATSYP122/ATEXO70H1/ATSYP42/SEC15B/ATSEC1B/ATEXO70C2/ATEXO70B1/ATEXO70H7	16
GO:0120254	olefinic compound metabolic process	16/1498	77/15408	0.2077922077922078	2.137291280148423	3.2830932111104776	0.0026375624277049066	0.03066166322206954	0.027090134222634767	ACS2/ATPUB44/ERF58/NHL6/ATMKK9/UGT71B6/ABCG27/ACS11/ACS6/CYP707A1/ACCS7/NA/ACS8/DIV2/CYP707A3/ATMYB96	16
GO:0002213	defense response to insect	15/1498	45/15408	0.3333333333333333	3.4285714285714284	5.353903091299561	1.2593674441594782e-5	2.7653610128001874e-4	2.443246488888345e-4	PLIP2/ATMYC2/ATPP2-A5/ERF018/CAMTA3/ATGSTU4/AtCAF1a/ATPAD4/MIK2/AO/ATVSP2/PROSCOOP4/CAD1/PROSCOOP12/CYP81F2	15
GO:0006887	exocytosis	15/1498	52/15408	0.28846153846153844	2.9670329670329667	4.662572970817758	8.514546029511025e-5	0.0015146766533605848	0.0013382442285092687	ATEXO70B2/KEU/B1L/ATEXO70H2/ATEXO70H4/AT-SYR1/ATEXO70D3/ATEXO70E1/ATSYP122/ATEXO70H1/SEC15B/ATSEC1B/ATEXO70C2/ATEXO70B1/ATEXO70H7	15
GO:2000280	regulation of root development	15/1498	64/15408	0.234375	2.4107142857142856	3.7111724825390717	9.94795202295318e-4	0.013558372541628429	0.011979067454136906	B1L/CEP14/XLG3/ERF022/ABCG36/PXMT1/ZAT11/GLV4/PIP1/AGB1/PIP2/AtZAT6/PROSCOOP12/MAKR5/ATEXO70B1	15
GO:0042537	benzene-containing compound metabolic process	15/1498	68/15408	0.22058823529411764	2.26890756302521	3.4413048409776956	0.0019119858387621194	0.02325268931602239	0.020544171724998648	NSL1/CAD1/SARD1/ATHSPRO2/ATCAMBP25/PBL39/ATPAD4/NA/CBP60f/CYCLASE1/EDS5/PBL40/CBP60G/CBP60b/CBP60a	15
GO:0052542	defense response by callose deposition	14/1498	30/15408	0.4666666666666667	4.800000000000001	6.8366867064831	2.062509772693206e-7	6.152505567222563e-6	5.435849986820029e-6	AtMYB51/ATGSTU13/NSL1/IOS1/IGP4/ABCG36/BGLU26/ATEXO70E1/NA/ARA8/FLS2/CYP81F2/ATEXO70B1/MAPKKK5	14
GO:2000022	regulation of jasmonic acid mediated signaling pathway	14/1498	41/15408	0.34146341463414637	3.51219512195122	5.285695416443726	1.7894210943386112e-5	3.87544486321828e-4	3.424025655641438e-4	JAZ5/AtJAZ1/ATNPR1/ATWRKY54/ATWRKY46/JAV1/ATPAD4/ZAT18/ATWRKY70/ATWRKY53/NA/ATWRKY11/ATNPR3/ATMYB44	14
GO:0018958	phenol-containing compound metabolic process	13/1498	60/15408	0.21666666666666667	2.2285714285714286	3.128970899858826	0.004401292928550504	0.04608241139098243	0.040714644239710836	NSL1/CAD1/SARD1/ATCAMBP25/PBL39/ATPAD4/ANS/CBP60f/EDS5/PBL40/CBP60G/CBP60b/CBP60a	13
GO:0042343	indole glucosinolate metabolic process	12/1498	20/15408	0.6	6.171428571428571	7.594266308619381	4.0978628556165446e-8	1.2703374852411287e-6	1.1223661526115903e-6	AtMYB51/IGMT1/IGMT2/ATGSTU13/ATMYC2/ABCG36/BGLU26/ATWRKY70/MIK2/ARA8/PROSCOOP12/CYP81F2	12
GO:1900150	regulation of defense response to fungus	12/1498	37/15408	0.32432432432432434	3.335907335907336	4.668278897932319	1.2527455548934537e-4	0.002176473321194011	0.0019229535585235547	NA/ATEXO70B2/IOS1/BIR2/NA/NA/ATSYP42/SGT1A/EDR4/PROSCOOP12/MAPKKK5/ATMYB44	12
GO:0009625	response to insect	12/1498	39/15408	0.3076923076923077	3.164835164835165	4.442073241991314	2.201222313028288e-4	0.003625137996768462	0.00320287501029445	CRPK1/AtKTI5/AtMYB51/ATNPR1/ATMYB122/ATPAD4/ATWRKY70/AtLEA5/ATVSP2/PROSCOOP4/CAD1/PROSCOOP12	12
GO:0009696	salicylic acid metabolic process	12/1498	45/15408	0.26666666666666666	2.742857142857143	3.842212806697332	9.350411327457766e-4	0.012854782877139764	0.011357433255410944	NSL1/CAD1/SARD1/ATCAMBP25/PBL39/ATPAD4/CBP60f/EDS5/PBL40/CBP60G/CBP60b/CBP60a	12
GO:0048544	recognition of pollen	12/1498	46/15408	0.2608695652173913	2.683229813664596	3.7518877215312445	0.0011547845055634126	0.015472155112675893	0.013669928982004002	EGM1/NA/NA/NA/NA/ERN1/ARK1/ARK2/NA/SEC15B/NA/B120	12
GO:0008037	cell recognition	12/1498	47/15408	0.2553191489361702	2.6261398176291793	3.6639408293324185	0.0014156532836168691	0.01849708959833281	0.0163425133306619	EGM1/NA/NA/NA/NA/ERN1/ARK1/ARK2/NA/SEC15B/NA/B120	12
GO:0002238	response to molecule of fungal origin	11/1498	20/15408	0.55	5.657142857142858	6.839035404999773	5.186236493328333e-7	1.4384982273600164e-5	1.270939210830415e-5	ATEXO70B2/LOV1/IOS1/ALA3/ABCG36/PXMT1/VLG/AtRLP30/ATWI-12/AtCERK1/ATL55	11
GO:0010337	regulation of salicylic acid metabolic process	11/1498	20/15408	0.55	5.657142857142858	6.839035404999773	5.186236493328333e-7	1.4384982273600164e-5	1.270939210830415e-5	NSL1/CAD1/SARD1/ATCAMBP25/PBL39/ATPAD4/CBP60f/PBL40/CBP60G/CBP60b/CBP60a	11
GO:0009407	toxin catabolic process	11/1498	43/15408	0.2558139534883721	2.6312292358803986	3.51507280771612	0.0021755855419320434	0.025668662252198212	0.022678727526660027	ATGST11/ATGST1/ATGSTF5/ATGSTU13/ATGSTU12/ATGSTU11/ATGSTU10/ATGSTF3/ATGSTU4/ATGSTF5/ATGSTF13	11
GO:0046189	phenol-containing compound biosynthetic process	10/1498	28/15408	0.35714285714285715	3.673469387755102	4.646516102491207	1.863040644839216e-4	0.0031334758079689367	0.002768482570774513	SARD1/PBL39/ATPAD4/ANS/CBP60f/EDS5/PBL40/CBP60G/CBP60b/CBP60a	10
GO:2000031	regulation of salicylic acid mediated signaling pathway	10/1498	29/15408	0.3448275862068966	3.5467980295566504	4.504855227620536	2.597572211828907e-4	0.004190573129491328	0.003702447180555274	MACP1/NSL1/ATNPR1/ATWRKY54/ATPAD4/ATWRKY70/MACP2/NA/ATNPR3/ATMYB44	10
GO:0009682	induced systemic resistance	10/1498	30/15408	0.3333333333333333	3.4285714285714284	4.369311053015514	3.559591725173604e-4	0.005517367174019086	0.004874693724773347	AtMYB51/ATSBT3.3/ATNPR1/CYP71A12/BGLU26/ATERF-4/ATWRKY70/ATWRKY11/ATERF-2/CYP81F2	10
GO:1900426	positive regulation of defense response to bacterium	10/1498	30/15408	0.3333333333333333	3.4285714285714284	4.369311053015514	3.559591725173604e-4	0.005517367174019086	0.004874693724773347	ATEXO70B2/APK2A/IOS1/SARD1/AtC2/ATPAD4/ATEXO70H1/SAG101/SZE1/LecRK-IX.2	10
GO:0043068	positive regulation of programmed cell death	10/1498	35/15408	0.2857142857142857	2.9387755102040813	3.76819715044032	0.0013860702979085384	0.018261476174944995	0.016134344608110796	ATMC1/TN11/AMC6/EVR/AtCERK1/AGC2/ATERF#011/XLG2/ATL55/AtGH3.12	10
GO:0009687	abscisic acid metabolic process	10/1498	39/15408	0.2564102564102564	2.6373626373626373	3.3597406754147503	0.0033535248372725196	0.036882422115552926	0.0325862872581236	ATPUB44/ERF58/NHL6/UGT71B6/ABCG27/CYP707A1/NA/DIV2/CYP707A3/ATMYB96	10
GO:0043288	apocarotenoid metabolic process	10/1498	39/15408	0.2564102564102564	2.6373626373626373	3.3597406754147503	0.0033535248372725196	0.036882422115552926	0.0325862872581236	ATPUB44/ERF58/NHL6/UGT71B6/ABCG27/CYP707A1/NA/DIV2/CYP707A3/ATMYB96	10
GO:1902644	tertiary alcohol metabolic process	10/1498	39/15408	0.2564102564102564	2.6373626373626373	3.3597406754147503	0.0033535248372725196	0.036882422115552926	0.0325862872581236	ATPUB44/ERF58/NHL6/UGT71B6/ABCG27/CYP707A1/NA/DIV2/CYP707A3/ATMYB96	10
GO:0009697	salicylic acid biosynthetic process	9/1498	20/15408	0.45	4.628571428571429	5.32857359776056	4.7082163759015714e-5	9.399271097154807e-4	8.304426076716555e-4	SARD1/PBL39/ATPAD4/CBP60f/EDS5/PBL40/CBP60G/CBP60b/CBP60a	9
GO:0052386	cell wall thickening	9/1498	29/15408	0.3103448275862069	3.1921182266009853	3.8774866079132266	0.0012533702564903493	0.016651919121943214	0.014712271829833647	AtMYB51/ATGATL1/ATFH4/ABCG36/bHLH091/BGLU26/ARA8/FLS2/CYP81F2	9
GO:0043200	response to amino acid	9/1498	30/15408	0.3	3.0857142857142854	3.7524671396486187	0.0016379750067644905	0.020717107885557275	0.018303939654538772	AtFBS1/ATGLR2.9/ATGLR2.8/ATGLR1.1/ATMAPK3/ARAKIN/ATGLR2.5/ATGLR1.2/ATGLR1.3	9
GO:1901699	cellular response to nitrogen compound	9/1498	30/15408	0.3	3.0857142857142854	3.7524671396486187	0.0016379750067644905	0.020717107885557275	0.018303939654538772	ATMYC2/ABCG36/ATNPR1/CAMTA3/AtLYK4/AtLYK5/NA/AtCERK1/ATNRT2.6	9
GO:0009838	abscission	9/1498	31/15408	0.2903225806451613	2.9861751152073737	3.632569724532177	0.002111654233572339	0.025101694310359912	0.02217780109181238	ATMEK4/IDA/EVR/NA/ATEDS1/ATPAD4/AtDMP7/CST/SAG101	9
GO:0006586	indolalkylamine metabolic process	9/1498	33/15408	0.2727272727272727	2.8051948051948052	3.406629208651806	0.0033826383344435005	0.036882422115552926	0.0325862872581236	NA/NA/ASB1/ATMYC2/ATHSPRO2/NA/CYCLASE1/ERF109/ATTSB1	9
GO:0006817	phosphate ion transport	9/1498	33/15408	0.2727272727272727	2.8051948051948052	3.406629208651806	0.0033826383344435005	0.036882422115552926	0.0325862872581236	PHO1;H3/AtATL80/NA/NA/NA/ATPUMP5/MPT2/DIC2/SHB1	9
GO:0010193	response to ozone	9/1498	33/15408	0.2727272727272727	2.8051948051948052	3.406629208651806	0.0033826383344435005	0.036882422115552926	0.0325862872581236	ASG6/ATLOX4/NA/ATWI-12/RMG1/AtNUDT7/ATWRKY53/ATWRKY30/AtCML37	9
GO:0080142	regulation of salicylic acid biosynthetic process	8/1498	13/15408	0.6153846153846154	6.32967032967033	6.308608238747091	6.449846929399784e-6	1.4567439993401512e-4	1.287059680498273e-4	SARD1/PBL39/ATPAD4/CBP60f/PBL40/CBP60G/CBP60b/CBP60a	8
GO:0010120	camalexin biosynthetic process	8/1498	15/15408	0.5333333333333333	5.485714285714286	5.703835421232865	2.69730547660861e-5	5.611105208576596e-4	4.957512974320811e-4	ATMKK9/ATGSTU4/ATWRKY33/ANAC042/ATMAPK3/ATPAD4/ATWRKY70/GGP1	8
GO:0052317	camalexin metabolic process	8/1498	15/15408	0.5333333333333333	5.485714285714286	5.703835421232865	2.69730547660861e-5	5.611105208576596e-4	4.957512974320811e-4	ATMKK9/ATGSTU4/ATWRKY33/ANAC042/ATMAPK3/ATPAD4/ATWRKY70/GGP1	8
GO:0009403	toxin biosynthetic process	8/1498	16/15408	0.5	5.142857142857143	5.440813066585155	4.93446869743105e-5	9.399271097154807e-4	8.304426076716555e-4	ATMKK9/ATGSTU4/ATWRKY33/ANAC042/ATMAPK3/ATPAD4/ATWRKY70/GGP1	8
GO:0009700	indole phytoalexin biosynthetic process	8/1498	16/15408	0.5	5.142857142857143	5.440813066585155	4.93446869743105e-5	9.399271097154807e-4	8.304426076716555e-4	ATMKK9/ATGSTU4/ATWRKY33/ANAC042/ATMAPK3/ATPAD4/ATWRKY70/GGP1	8
GO:0046217	indole phytoalexin metabolic process	8/1498	16/15408	0.5	5.142857142857143	5.440813066585155	4.93446869743105e-5	9.399271097154807e-4	8.304426076716555e-4	ATMKK9/ATGSTU4/ATWRKY33/ANAC042/ATMAPK3/ATPAD4/ATWRKY70/GGP1	8
GO:0052314	phytoalexin metabolic process	8/1498	16/15408	0.5	5.142857142857143	5.440813066585155	4.93446869743105e-5	9.399271097154807e-4	8.304426076716555e-4	ATMKK9/ATGSTU4/ATWRKY33/ANAC042/ATMAPK3/ATPAD4/ATWRKY70/GGP1	8
GO:0052315	phytoalexin biosynthetic process	8/1498	16/15408	0.5	5.142857142857143	5.440813066585155	4.93446869743105e-5	9.399271097154807e-4	8.304426076716555e-4	ATMKK9/ATGSTU4/ATWRKY33/ANAC042/ATMAPK3/ATPAD4/ATWRKY70/GGP1	8
GO:0009862	systemic acquired resistance, salicylic acid mediated signaling pathway	8/1498	17/15408	0.47058823529411764	4.840336134453781	5.198902385999856	8.526642767178498e-5	0.0015146766533605848	0.0013382442285092687	ATNPR1/ATEDS1/ATPAD4/ATWRKY70/CHS4/NA/ATNPR3/LecRK-IX.2	8
GO:1901071	glucosamine-containing compound metabolic process	8/1498	18/15408	0.4444444444444444	4.571428571428571	4.975197141289163	1.4042150529120634e-4	0.002413113042015187	0.0021320290334259817	NA/NA/NA/NA/NA/NA/ChiC/NA	8
GO:0050829	defense response to Gram-negative bacterium	8/1498	20/15408	0.4	4.114285714285715	4.573342694140953	3.385073074804759e-4	0.005351800531266325	0.004728412600279911	IDA/TET8/ATEDS1/ZAR1/ATPAD4/ZED1/GAE1/SAG101	8
GO:0048278	vesicle docking	8/1498	28/15408	0.2857142857142857	2.9387755102040813	3.369610914020341	0.004127972560211381	0.04350883078462796	0.0384408392098281	KEU/NA/B1L/AT-SYR1/ATSYP122/ATSYP42/ATSEC1B/ATPEP12	8
GO:0042436	indole-containing compound catabolic process	7/1498	11/15408	0.6363636363636364	6.545454545454545	6.037634526364099	1.879083327497497e-5	4.0146361361804626e-4	3.547003663711492e-4	ATGSTU13/ABCG36/ATHSPRO2/BGLU26/NA/CYCLASE1/ARA8	7
GO:0052482	defense response by cell wall thickening	7/1498	17/15408	0.4117647058823529	4.235294117647059	4.379819296739485	6.546103576788344e-4	0.009494852986148964	0.008388874405019925	AtMYB51/ATFH4/ABCG36/BGLU26/ARA8/FLS2/CYP81F2	7
GO:0015851	nucleobase transport	7/1498	20/15408	0.35	3.5999999999999996	3.8181117905213457	0.002010168721065931	0.024076339000039672	0.021271881123241552	ATPUP14/ATPUP18/ATUPS2/ATPUP6/ATPUP8/ATPUP7/ATPUP12	7
GO:0009759	indole glucosinolate biosynthetic process	6/1498	10/15408	0.6	6.171428571428571	5.36821320270525	1.2437556717820151e-4	0.002176473321194011	0.0019229535585235547	AtMYB51/ATMYC2/ATWRKY70/MIK2/PROSCOOP12/CYP81F2	6
GO:0033198	response to ATP	6/1498	15/15408	0.4	4.114285714285715	3.959987649136193	0.0019317508813218348	0.023313726285265807	0.020598098991675973	ATMYC2/ATNPR1/CAMTA3/ATWRKY46/ATCNGC19/AGB1	6
GO:0002252	immune effector process	6/1498	16/15408	0.375	3.857142857142857	3.752284873507003	0.002838696637038786	0.032521589733031306	0.02873341294699061	AtPUB23/PUB24/ATERF-4/AtPUB22/ATWRKY70/ATERF-2	6
GO:0052544	defense response by callose deposition in cell wall	6/1498	16/15408	0.375	3.857142857142857	3.752284873507003	0.002838696637038786	0.032521589733031306	0.02873341294699061	AtMYB51/ABCG36/BGLU26/ARA8/FLS2/CYP81F2	6
GO:0006863	purine nucleobase transport	6/1498	17/15408	0.35294117647058826	3.6302521008403366	3.560736207479114	0.00403001642578057	0.04276144945744349	0.03778051428478146	ATPUP14/ATPUP18/ATPUP6/ATPUP8/ATPUP7/ATPUP12	6
GO:0010115	regulation of abscisic acid biosynthetic process	6/1498	17/15408	0.35294117647058826	3.6302521008403366	3.560736207479114	0.00403001642578057	0.04276144945744349	0.03778051428478146	ATPUB44/ERF58/NHL6/ABCG27/DIV2/ATMYB96	6
GO:0046683	response to organophosphorus	6/1498	17/15408	0.35294117647058826	3.6302521008403366	3.560736207479114	0.00403001642578057	0.04276144945744349	0.03778051428478146	ATMYC2/ATNPR1/CAMTA3/ATWRKY46/ATCNGC19/AGB1	6
GO:2000068	regulation of defense response to insect	5/1498	12/15408	0.4166666666666667	4.285714285714286	3.7365246424801137	0.0038099063420144576	0.04125658853921135	0.0364509424358557	ATMYC2/CAMTA3/ATGSTU4/ATPAD4/AO	5
